date,open,high,low,close,volume
2004-01-02,8.85433,9.06239,8.73873,8.9283,3099800
2004-01-05,9.03927,9.24271,9.0069,9.21497,2896700
2004-01-06,9.26121,9.61261,9.26121,9.38605,5727100
2004-01-07,9.38604,9.62647,9.24271,9.53862,5283600
2004-01-08,9.7097,10.0334,9.66346,9.94551,4224500
2004-01-09,9.84841,10.0334,9.38604,9.44615,4679200
2004-01-12,9.56174,9.66346,9.40454,9.66346,2393000
2004-01-13,9.82529,9.87615,9.52012,9.68658,2426400
2004-01-14,9.7097,9.75594,9.19185,9.24733,3586600
2004-01-15,9.25196,9.25196,8.6925,8.90981,7121600
2004-01-16,8.92368,9.34905,8.87744,9.21035,4419200
2004-01-20,9.33981,9.534,9.22422,9.39529,6992000
2004-01-21,7.58281,7.72153,7.09271,7.44411,40762300
2004-01-22,7.62905,7.62905,7.347,7.51808,10196500
2004-01-23,7.51808,7.56432,7.38862,7.43486,8611700
2004-01-26,7.4441,7.5412,7.40712,7.51346,3872500
2004-01-27,7.51346,7.6984,7.4441,7.63367,6862600
2004-01-28,7.76776,7.83249,7.60593,7.65217,4703800
2004-01-29,7.74464,7.77701,7.52733,7.59669,5084700
2004-01-30,7.59668,7.62905,7.53658,7.53658,2714100
2004-02-02,7.53658,7.65217,7.42561,7.44411,2664900
2004-02-03,7.43023,7.55507,7.41636,7.53658,2549100
2004-02-04,7.53196,7.56894,7.384,7.44411,6814800
2004-02-05,7.57357,7.7955,7.42099,7.78626,4547500
2004-02-06,7.83712,8.08217,7.79088,8.00819,5220400
2004-02-09,7.9527,8.06367,7.67528,7.6984,3592700
2004-02-10,7.6984,7.82786,7.63367,7.67528,2832400
2004-02-11,7.67529,7.94907,7.6428,7.8609,3126500
2004-02-12,7.81914,7.95836,7.65673,7.84235,1970900
2004-02-13,7.88875,8.2507,7.88411,8.14397,4755300
2004-02-17,8.38992,8.38992,8.00476,8.00476,3245600
2004-02-18,8.02332,8.19037,7.97691,8.01404,2593300
2004-02-19,8.07436,8.3992,8.06508,8.26462,4391600
2004-02-20,8.26462,8.26462,8.02796,8.12077,3176300
2004-02-23,8.12077,8.30175,7.58248,7.70777,5473200
2004-02-24,7.66601,7.80058,7.53607,7.74953,3030100
2004-02-25,7.77274,8.09757,7.75882,7.84235,3630000
2004-02-26,7.8145,8.06508,7.74953,8.0326,4419500
2004-02-27,8.0326,8.13469,7.9862,8.02796,2704900
2004-03-01,7.88875,8.11613,7.70313,8.06509,3757000
2004-03-02,8.02796,8.05116,7.75881,7.76345,5026100
2004-03-03,7.93515,8.00476,7.70313,7.73561,5687900
2004-03-04,7.74025,7.80522,7.65673,7.69849,3241600
2004-03-05,7.67993,7.76809,7.60104,7.61032,2625800
2004-03-08,7.61032,7.63352,7.38294,7.4015,4932800
2004-03-09,7.41078,7.4247,7.22981,7.27157,3245400
2004-03-10,7.30869,7.35046,7.2298,7.25765,3027300
2004-03-11,7.253,7.30405,7.11379,7.13235,3436600
2004-03-12,7.14628,7.4247,7.12307,7.33189,2546100
2004-03-15,7.31797,7.33654,7.15092,7.21588,2881000
2004-03-16,7.23444,7.4247,7.23444,7.33189,2205300
2004-03-17,7.41542,7.59176,7.3783,7.50359,1848200
2004-03-18,7.50359,7.55928,7.44327,7.47111,1775500
2004-03-19,7.49431,7.51751,7.31333,7.39686,3157000
2004-03-22,7.3551,7.3551,7.14628,7.15556,1891300
2004-03-23,7.20196,7.28549,7.09523,7.09987,3249500
2004-03-24,7.07667,7.32261,6.95602,7.29941,3273400
2004-03-25,7.29013,7.51751,7.26229,7.41542,3593600
2004-03-26,7.41542,7.49431,7.3551,7.4247,1050100
2004-03-29,7.51751,7.62888,7.50823,7.58248,1360500
2004-03-30,7.51751,7.64744,7.51287,7.6196,999100
2004-03-31,7.56392,7.5964,7.43863,7.48503,2050800
2004-04-01,7.49431,7.60568,7.48967,7.53607,820000
2004-04-02,7.58712,7.64744,7.3783,7.47575,2383200
2004-04-05,7.54071,7.54535,7.19268,7.26693,6177800
2004-04-06,7.26693,7.30405,7.17412,7.23444,2994000
2004-04-07,6.07898,7.10452,6.03257,6.95138,28530600
2004-04-08,6.98386,7.05347,6.84929,7.05347,3698900
2004-04-12,7.00706,7.03026,6.91425,7.03026,2269400
2004-04-13,7.09059,7.26229,7.05811,7.15556,3843200
2004-04-14,7.10915,7.16948,7.07667,7.09987,1391600
2004-04-15,7.06275,7.09987,6.87249,7.02099,1845000
2004-04-16,7.02099,7.02099,6.89106,6.92818,1143500
2004-04-19,6.92817,6.93281,6.82144,6.86321,1447800
2004-04-20,6.84465,6.85857,6.64975,6.73792,5004000
2004-04-21,6.49661,6.68223,6.28779,6.41773,8011300
2004-04-22,6.3342,6.3342,5.80055,5.89336,11342300
2004-04-23,5.84696,6.00937,5.73095,5.90728,6650100
2004-04-26,5.898,5.96297,5.80055,5.82839,2491900
2004-04-27,5.84695,5.87015,5.78663,5.81911,2794000
2004-04-28,5.81911,5.96296,5.77735,5.95832,3474500
2004-04-29,5.96297,6.03257,5.80519,5.87944,3824900
2004-04-30,5.8516,5.91656,5.80055,5.80519,2485100
2004-05-03,5.78663,5.93976,5.68454,5.75414,2380800
2004-05-04,5.79127,5.84231,5.63813,5.7031,1844400
2004-05-05,5.74973,5.82901,5.64714,5.67512,1862800
2004-05-06,5.64248,5.67046,5.36269,5.46994,4196700
2004-05-07,5.46994,5.67512,5.46994,5.6145,2711700
2004-05-10,5.56787,5.62849,5.50258,5.59118,1689300
2004-05-11,5.71243,5.86631,5.69377,5.78237,2956200
2004-05-12,5.81036,5.81036,5.69378,5.74041,1112000
2004-05-13,5.74041,5.74973,5.62383,5.74973,1890500
2004-05-14,5.71243,5.73574,5.45595,5.59585,1976800
2004-05-17,5.50258,5.59584,5.45595,5.50258,1691300
2004-05-18,5.54921,5.62382,5.54455,5.6145,1610000
2004-05-19,5.6145,5.73574,5.6145,5.63315,2905200
2004-05-20,5.63315,5.69377,5.59585,5.62383,1988200
2004-05-21,5.60051,5.69377,5.60051,5.68911,930400
2004-05-24,5.78238,5.84766,5.73108,5.843,1289500
2004-05-25,5.80569,6.1088,5.77305,6.06683,2288700
2004-05-26,6.09015,6.38859,6.06217,6.22072,2635600
2004-05-27,6.22072,6.22072,5.74507,5.98756,4248100
2004-05-28,5.98289,6.03885,5.73574,5.73574,4191200
2004-06-01,5.75906,5.95025,5.75906,5.91294,3016100
2004-06-02,5.87564,5.87564,5.67046,5.69377,4410500
2004-06-03,5.83833,6.20206,5.71243,5.87564,5288800
2004-06-04,6.04351,6.1088,5.94559,5.97357,2070800
2004-06-07,6.03885,6.1088,5.99222,6.08548,1230000
2004-06-08,6.09014,6.15077,6.02952,6.09947,1517000
2004-06-09,6.12745,6.13211,6.00155,6.08082,1394800
2004-06-10,6.27201,6.49118,6.25802,6.32797,4299300
2004-06-14,6.32797,6.43056,6.25336,6.34662,3003600
2004-06-15,6.40258,6.51916,6.39326,6.48186,2198500
2004-06-16,6.45854,6.51916,6.43988,6.45854,1713200
2004-06-17,6.45854,6.52849,6.35129,6.50517,3064400
2004-06-18,6.47719,6.57045,6.43522,6.53781,2242300
2004-06-21,6.52383,6.53315,6.43523,6.52849,1326900
2004-06-22,6.52849,6.52849,6.41191,6.50051,2938600
2004-06-23,6.47253,6.67305,6.45854,6.67305,1318500
2004-06-24,6.64507,6.73367,6.53315,6.54248,1491400
2004-06-25,6.54714,6.57046,6.50051,6.51916,633200
2004-06-28,6.49584,6.5518,6.43522,6.43989,1647600
2004-06-29,6.43989,6.53781,6.43522,6.53315,1792000
2004-06-30,6.53315,6.73833,6.53315,6.72901,1955400
2004-07-01,6.71502,6.72901,6.60776,6.64507,3028600
2004-07-02,6.64507,6.71968,6.52383,6.62642,2457300
2004-07-06,6.59844,6.59844,6.21139,6.3746,3386100
2004-07-07,6.32797,6.49119,6.32797,6.4259,2823600
2004-07-08,6.38859,6.40724,6.20206,6.2347,1380900
2004-07-09,6.2487,6.40725,6.2487,6.31398,874600
2004-07-12,6.26735,6.29999,6.13211,6.29999,926100
2004-07-13,6.286,6.36528,6.17875,6.21139,628700
2004-07-14,6.18341,6.18341,5.80569,5.82901,3909700
2004-07-15,5.87564,5.94559,5.81036,5.89896,2253800
2004-07-16,5.89429,5.9689,5.70776,5.92227,1892300
2004-07-19,5.92227,6.5518,5.92227,6.45854,5065000
2004-07-20,6.43522,6.80362,6.36994,6.66838,3522100
2004-07-21,6.41191,6.52849,5.44196,5.55388,12096400
2004-07-22,5.57253,5.66113,5.53522,5.5632,2784000
2004-07-23,5.5632,5.57719,5.50725,5.55854,2219000
2004-07-26,5.54921,5.58186,5.30673,5.38134,3165800
2004-07-27,5.36268,5.48393,5.31605,5.43263,2018200
2004-07-28,5.43263,5.47927,5.25077,5.32072,1865700
2004-07-29,5.32538,5.46994,5.26942,5.39999,1620500
2004-07-30,5.35336,5.386,5.27875,5.3487,1624300
2004-08-02,5.31606,5.38134,5.26943,5.33005,1336100
2004-08-03,5.23212,5.28807,5.03626,5.12486,2276300
2004-08-04,5.12486,5.22332,5.12486,5.19519,1193700
2004-08-05,5.19519,5.22333,5.13893,5.19988,913600
2004-08-06,5.16706,5.19519,5.06391,5.06391,1632100
2004-08-09,5.06391,5.12017,4.93731,4.93731,1311800
2004-08-10,4.94669,5.13424,4.94669,5.12955,1659500
2004-08-11,5.08735,5.11079,4.89511,5.03109,1280100
2004-08-12,4.99358,4.99358,4.74038,4.83416,1547700
2004-08-13,4.83416,4.942,4.77789,4.82009,1362200
2004-08-16,4.81071,5.03577,4.75914,5.01702,1179700
2004-08-17,5.01702,5.10611,4.96075,5.0264,1380000
2004-08-18,5.01702,5.29835,4.80602,5.22333,2141000
2004-08-19,5.20457,5.35461,5.15768,5.26552,3440600
2004-08-20,5.25146,5.53279,5.25146,5.47184,3170900
2004-08-23,5.47184,5.50935,5.32179,5.33586,1085500
2004-08-24,5.34993,5.34993,5.21395,5.25146,1287000
2004-08-25,5.25615,5.3171,5.22802,5.28897,1192900
2004-08-26,5.28897,5.36868,5.14362,5.1905,1179800
2004-08-27,5.21864,5.23739,5.16706,5.18113,1048800
2004-08-30,5.18113,5.22333,4.9842,5.13424,1292800
2004-08-31,5.13424,5.1483,5.06391,5.12486,920400
2004-09-01,5.1108,5.43901,5.1108,5.39212,2377800
2004-09-02,5.39681,5.59843,5.38275,5.59843,1234400
2004-09-03,5.61719,5.62657,5.47652,5.56561,1430200
2004-09-07,6.09544,6.21735,5.72034,5.77661,7839900
2004-09-08,5.81411,5.93602,5.76723,5.84225,1863500
2004-09-09,5.86101,5.90789,5.78598,5.85163,888100
2004-09-10,5.81881,6.2408,5.80005,6.22673,3382800
2004-09-13,6.21266,6.45648,6.1986,6.26893,2418100
2004-09-14,6.23142,6.39084,6.12827,6.35802,2416400
2004-09-15,6.32988,6.32988,6.23142,6.25486,1623200
2004-09-16,6.32988,6.44241,6.32988,6.38146,1758200
2004-09-17,6.40959,6.46586,6.38615,6.46586,2434700
2004-09-20,6.46586,6.67217,6.37677,6.57839,2447900
2004-09-21,6.47055,6.47055,6.3252,6.40022,4015500
2004-09-22,6.37677,6.37677,6.16578,6.18922,3052500
2004-09-23,6.1986,6.27831,6.16577,6.26424,1711200
2004-09-24,6.25955,6.29238,6.06731,6.10482,2299700
2004-09-27,6.05793,6.072,5.97822,6.02042,2057600
2004-09-28,6.02042,6.15171,5.98291,6.14233,1752300
2004-09-29,6.09545,6.32051,6.09545,6.31113,3325300
2004-09-30,6.31113,6.39553,6.18922,6.33926,2278000
2004-10-01,6.44711,6.51744,6.39084,6.50806,3041100
2004-10-04,6.67217,6.69561,6.55495,6.66748,7608700
2004-10-05,6.6581,6.68155,6.58308,6.6581,2527800
2004-10-06,6.71437,6.80346,6.6581,6.70499,5280700
2004-10-07,6.70968,6.77063,6.55964,6.56433,2228900
2004-10-08,6.54557,6.63935,6.38615,6.54088,2875200
2004-10-11,6.56902,6.61122,6.54557,6.58777,1701900
2004-10-12,6.494,6.52682,6.32989,6.40491,3828200
2004-10-13,6.494,6.53619,6.33927,6.40491,3135200
2004-10-14,6.33926,6.37677,6.20329,6.20329,1704200
2004-10-15,6.24548,6.35333,6.09544,6.20329,2524000
2004-10-18,6.20798,6.56433,6.20798,6.56433,5266000
2004-10-19,6.61121,6.7847,6.58777,6.67217,3546200
2004-10-20,6.79877,6.79877,6.27362,6.42835,5662900
2004-10-21,6.42366,6.42366,5.97823,6.20798,6470700
2004-10-22,6.1986,6.23142,6.03918,6.04856,3101200
2004-10-25,6.03449,6.03449,5.83756,5.91258,2776800
2004-10-26,6.02511,6.04387,5.86569,5.91258,2260900
2004-10-27,5.89383,6.04856,5.87507,6.04856,2524500
2004-10-28,6.04856,6.08138,5.86101,5.88914,1971000
2004-10-29,5.93603,5.97354,5.86101,5.92665,880400
2004-11-01,5.95947,6.08138,5.87038,5.95478,986300
2004-11-02,5.79067,6.00636,5.76723,5.95478,1926000
2004-11-03,6.17149,6.19505,5.86998,5.95478,1452500
2004-11-04,5.9218,6.06785,5.87469,6.04429,1624600
2004-11-05,6.03487,6.27042,6.0066,6.26571,1907200
2004-11-08,6.35993,6.43059,6.32224,6.39762,2318700
2004-11-09,6.40233,6.45886,6.3458,6.44002,1363200
2004-11-10,6.40704,6.40704,6.18091,6.20918,1588600
2004-11-11,6.27985,6.473,6.26571,6.43531,1385000
2004-11-12,6.50126,6.68499,6.47771,6.68499,2960900
2004-11-15,6.68499,6.82633,6.67557,6.77922,1466900
2004-11-16,6.61904,6.68029,6.51069,6.59549,3536900
2004-11-17,6.73682,6.83104,6.64259,6.68499,2891900
2004-11-18,6.68971,6.78393,6.59078,6.61904,1419500
2004-11-19,6.70384,6.71326,6.50126,6.54366,1295600
2004-11-22,6.42589,6.61904,6.3882,6.60019,1624900
2004-11-23,6.59549,6.67557,6.56722,6.63317,1408700
2004-11-24,6.66615,6.92055,6.65673,6.91112,2611500
2004-11-26,6.92526,6.96295,6.86402,6.96295,594000
2004-11-29,7.04304,7.10428,6.83104,6.90642,3735000
2004-11-30,6.92526,7.06188,6.91584,7.05717,2944800
2004-12-01,7.34926,7.78267,7.32099,7.75912,9219100
2004-12-02,7.6649,8.0088,7.58952,7.95227,5392800
2004-12-03,8.07005,8.13601,7.73085,7.79681,2940700
2004-12-06,7.86747,8.07947,7.72614,8.0088,2485500
2004-12-07,7.98525,8.0088,7.72143,7.75441,3774500
2004-12-08,8.57413,8.57884,7.91458,8.0088,13827400
2004-12-09,7.93814,8.10302,7.82036,7.98054,4100700
2004-12-10,7.86276,7.924,7.79681,7.86747,11533100
2004-12-13,7.88161,8.0088,7.79681,7.90516,3152800
2004-12-14,7.90516,8.00409,7.87218,7.91929,3186100
2004-12-15,8.0088,8.07475,7.89102,7.93813,3530300
2004-12-16,7.96169,7.98525,7.84392,7.89574,2409300
2004-12-17,7.89574,7.91458,7.68374,7.8816,3206000
2004-12-20,7.88161,7.96169,7.65547,7.67432,2632200
2004-12-21,7.74498,7.7968,7.6649,7.73556,2169000
2004-12-22,7.72614,7.89103,7.72614,7.78267,1625900
2004-12-23,7.7497,7.84863,7.68845,7.81565,880600
2004-12-27,7.93343,7.93343,7.72614,7.82978,1310200
2004-12-28,7.82036,7.84863,7.73085,7.82978,1352500
2004-12-29,7.79209,7.99938,7.77325,7.98054,3321300
2004-12-30,8.0088,8.19253,8.0088,8.09831,3068300
2004-12-31,8.12658,8.15956,8.07947,8.136,2682700
2005-01-03,8.21609,8.31973,8.0088,8.19253,3579500
2005-01-04,8.45635,8.45635,7.81565,8.04178,3965600
2005-01-05,7.96169,8.07947,7.94285,7.96169,2697200
2005-01-06,8.03236,8.15014,7.81565,7.91929,4173300
2005-01-07,8.0088,8.04649,7.84392,7.84863,3411000
2005-01-10,7.89574,8.19253,7.87689,8.09831,6546800
2005-01-11,8.09831,8.15013,8.01823,8.0936,5080800
2005-01-12,8.15014,8.24436,8.11716,8.23494,4444700
2005-01-13,8.38569,8.55057,8.26791,8.4328,6700900
2005-01-14,8.31031,8.4328,8.24436,8.39511,6567500
2005-01-18,8.40924,8.66364,8.3904,8.6448,9240600
2005-01-19,8.50346,8.52702,8.05591,8.11244,12638700
2005-01-20,7.93813,8.22551,7.89574,8.17369,5692600
2005-01-21,8.2208,8.29146,8.13129,8.17369,8427400
2005-01-24,8.18311,8.24436,7.90045,7.95227,3568300
2005-01-25,8.0088,8.06534,7.91458,8.00409,3702600
2005-01-26,8.04649,8.06062,7.82036,8.01351,3236700
2005-01-27,7.91458,8.20195,7.91458,8.12187,3279000
2005-01-28,8.19724,8.20195,7.91458,8.0088,2994600
2005-01-31,8.11244,8.11244,7.87689,7.97111,3217300
2005-02-01,7.87689,8.02765,7.82036,7.98996,3264600
2005-02-02,8.06088,8.10816,8.0136,8.05615,4368600
2005-02-03,8.08451,8.09397,7.96632,8.07033,1786300
2005-02-04,8.07506,8.37291,8.05615,8.35873,5083300
2005-02-07,8.27363,8.42492,8.22635,8.26417,2622200
2005-02-08,8.28781,8.38237,8.12707,8.18853,4204600
2005-02-09,8.29727,8.34454,8.12234,8.15543,3403300
2005-02-10,8.15543,8.21689,8.01833,8.15543,3695900
2005-02-11,8.17434,8.27363,8.04669,8.16961,2514300
2005-02-14,8.17907,8.17907,8.06088,8.06561,2310400
2005-02-15,8.08451,8.37763,8.06087,8.2689,4225900
2005-02-16,8.17907,8.29726,8.03724,8.20271,3371800
2005-02-17,8.27363,8.39182,8.17907,8.35873,3726500
2005-02-18,8.48637,8.59039,8.29726,8.29726,6542700
2005-02-22,8.23107,8.29726,8.09397,8.11761,2913300
2005-02-23,8.09869,8.24998,7.72993,7.91904,5868900
2005-02-24,7.87177,8.17907,7.80085,8.15543,4661500
2005-02-25,8.24999,8.39182,8.1507,8.36818,4384200
2005-02-28,8.4391,8.54784,8.10815,8.49583,5276500
2005-03-01,8.50529,8.55729,8.45328,8.51947,3840700
2005-03-02,8.47219,8.75113,8.36818,8.70385,4109100
2005-03-03,8.67548,8.7795,8.53838,8.68967,2814000
2005-03-04,8.78895,8.98279,8.75586,8.96388,4812700
2005-03-07,8.95916,9.06317,8.8126,8.90243,4328500
2005-03-08,9.14827,9.24282,9.00643,9.05371,5654000
2005-03-09,9.05371,9.12935,8.90242,9.07735,3247900
2005-03-10,9.05371,9.06789,8.88824,9.02062,2677500
2005-03-11,8.93552,9.00643,8.61876,8.73222,3677800
2005-03-14,8.74641,8.93552,8.69913,8.90243,1988300
2005-03-15,8.97334,8.98279,8.72276,8.77477,2072200
2005-03-16,8.69913,9.02535,8.67549,8.98752,4383800
2005-03-17,9.01116,9.16245,8.99698,9.08208,3470600
2005-03-18,9.04426,9.34211,8.92133,9.32792,3768600
2005-03-21,9.33738,9.42248,9.1199,9.3752,2957500
2005-03-22,9.35629,9.40829,9.17663,9.205,1689800
2005-03-23,9.18136,9.33738,9.1719,9.20027,1708000
2005-03-24,9.38466,9.55013,9.30428,9.3752,4551500
2005-03-28,9.36102,9.40357,9.01589,9.01589,3560000
2005-03-29,9.03007,9.07735,8.67549,8.73695,5312600
2005-03-30,8.84096,9.01116,8.81732,8.94497,3843900
2005-03-31,9.31374,9.3752,9.12463,9.24282,4200500
2005-04-01,9.29483,9.35629,9.10099,9.1719,2361400
2005-04-04,9.20027,9.20027,8.98279,9.05844,2238400
2005-04-05,9.09153,9.11517,8.88824,8.92606,3556600
2005-04-06,8.93552,9.10099,8.87879,8.90243,2155000
2005-04-07,8.90242,9.09626,8.88351,9.07735,2693300
2005-04-08,9.10099,9.12463,8.99225,9.05371,1486000
2005-04-11,9.07262,9.07262,8.81732,8.93551,1709100
2005-04-12,8.91188,9.06789,8.79841,8.97807,2041500
2005-04-13,8.93551,8.94497,8.72749,8.75586,2642000
2005-04-14,8.63767,8.63767,8.19798,8.21689,5134800
2005-04-15,8.03723,8.13179,7.76302,7.83394,6358500
2005-04-18,7.91904,7.96632,7.77721,7.9285,3969100
2005-04-19,8.24999,8.26417,8.08451,8.19798,6892800
2005-04-20,8.55729,8.67549,8.41546,8.50056,11025300
2005-04-21,8.61876,8.95916,8.58094,8.93079,4850200
2005-04-22,8.69913,8.74641,8.46274,8.62821,6370400
2005-04-25,8.68495,8.79368,8.66603,8.77005,5510300
2005-04-26,8.75586,8.87878,8.70385,8.8315,4343100
2005-04-27,8.79369,8.84096,8.63294,8.67549,3001100
2005-04-28,8.59039,8.67549,8.28308,8.31617,3463400
2005-04-29,8.39182,8.46273,8.17907,8.31145,2951200
2005-05-02,8.31145,8.43437,8.25472,8.35873,1749500
2005-05-03,8.37764,8.4911,8.29727,8.33036,2827100
2005-05-04,8.33036,8.41585,8.21163,8.28762,4505000
2005-05-05,8.29712,8.33511,8.0644,8.13564,3945800
2005-05-06,8.24012,8.58208,8.20688,8.57733,3939900
2005-05-09,8.54883,8.61532,8.51083,8.56783,1805000
2005-05-10,8.54883,8.56308,8.35411,8.45859,1339400
2005-05-11,8.45859,8.53458,8.35886,8.48234,1173600
2005-05-12,8.45384,8.63432,8.33986,8.3826,1917500
2005-05-13,8.45384,8.7958,8.45384,8.78155,5552000
2005-05-16,8.7768,9.1235,8.7578,9.10925,4851600
2005-05-17,9.02377,9.37997,9.00002,9.22324,5969900
2005-05-18,9.30873,9.62218,9.30873,9.58419,9117500
2005-05-19,9.68868,9.72667,9.5177,9.62694,4357800
2005-05-20,9.62693,9.65543,9.4512,9.57469,2832900
2005-05-23,9.64118,9.78366,9.62693,9.75516,2763300
2005-05-24,9.73617,9.93564,9.68867,9.8834,2669000
2005-05-25,9.94989,10.0449,9.75517,10.0021,3783800
2005-05-26,10.0021,10.0734,9.8644,9.97363,2833100
2005-05-27,9.94513,10.0354,9.90239,9.94988,2387500
2005-05-31,9.96414,10.0924,9.82641,10.0781,4454900
2005-06-01,9.99738,10.1114,9.94039,9.99738,3569900
2005-06-02,9.99263,10.1399,9.97363,10.1161,2571300
2005-06-03,10.0686,10.0686,9.75042,9.79316,2796400
2005-06-06,9.78366,9.91664,9.75517,9.87865,1348800
2005-06-07,10.1161,10.2111,9.91189,10.0544,2738200
2005-06-08,9.98313,9.98313,9.57944,9.91664,4976600
2005-06-09,9.94989,10.1304,9.66018,9.69817,5443000
2005-06-10,9.72667,9.83116,9.40846,9.69817,4524400
2005-06-13,9.64118,9.8739,9.64118,9.75041,3218300
2005-06-14,9.70292,9.73142,9.35622,9.56519,5676500
2005-06-15,9.54619,9.59369,9.37997,9.4797,2568200
2005-06-16,9.54144,9.83115,9.4987,9.63643,2956900
2005-06-17,9.34197,9.42746,8.83379,9.02376,13605400
2005-06-20,9.095,9.4512,8.97627,9.29923,6386500
2005-06-21,9.26123,9.35622,9.18999,9.27073,3600400
2005-06-22,9.33247,9.34197,9.03801,9.22799,2460200
2005-06-23,9.26123,9.28023,8.83379,8.97627,6464400
2005-06-24,9.02377,9.02377,8.66757,8.71981,5087500
2005-06-27,8.75305,8.75305,8.50134,8.59632,3412500
2005-06-28,8.19263,8.4206,8.09289,8.28762,7600100
2005-06-29,8.59157,8.73405,8.24012,8.29711,3788900
2005-06-30,8.30186,8.3446,8.16888,8.33511,3529700
2005-07-01,8.33986,8.43009,8.22587,8.24012,1560500
2005-07-05,8.21638,8.39685,8.18788,8.28287,3318500
2005-07-06,8.34461,8.64856,8.33511,8.50608,4771300
2005-07-07,8.50608,8.62482,8.4016,8.44909,3303400
2005-07-08,8.54883,8.76255,8.50134,8.66282,3031300
2005-07-11,8.88129,9.07126,8.71506,9.06651,5951000
2005-07-12,9.06651,9.07126,8.7863,8.95727,4080700
2005-07-13,9.26123,9.32297,9.1425,9.27548,6603100
2005-07-14,9.4987,9.53669,9.095,9.12825,5502100
2005-07-15,9.07126,9.22798,8.81004,9.09025,5596700
2005-07-18,9.10925,9.21849,9.02376,9.02376,3250100
2005-07-19,9.1425,9.37997,9.07601,9.23749,6299800
2005-07-20,8.73881,9.09026,8.54883,9.05701,11945200
2005-07-21,8.99052,9.01901,8.70081,8.70081,4891000
2005-07-22,8.64382,8.81479,8.62007,8.69606,2500300
2005-07-25,8.83379,8.87178,8.7103,8.79579,2447400
2005-07-26,8.7958,8.90028,8.67232,8.90028,2547200
2005-07-27,8.89553,8.90503,8.67231,8.87178,2267000
2005-07-28,9.02377,9.22799,8.92878,9.18999,4404500
2005-07-29,9.18999,9.22324,9.04751,9.19949,3373100
2005-08-01,9.19949,9.19949,9.01427,9.06176,2633000
2005-08-02,9.06176,9.08551,8.90028,8.98577,4552300
2005-08-03,8.90946,9.04777,8.84268,8.90469,5692700
2005-08-04,8.89992,9.01439,8.89038,8.98577,4485600
2005-08-05,9.02393,9.07639,8.94285,8.99054,4353100
2005-08-08,9.08593,9.0907,8.90469,8.96669,2360200
2005-08-09,9.03824,9.04301,8.90469,8.93808,3376000
2005-08-10,8.99054,9.01439,8.89038,8.89038,3051200
2005-08-11,8.88561,8.99054,8.80453,8.96669,4795200
2005-08-12,8.97147,8.97147,8.5899,8.69006,4977900
2005-08-15,8.72821,8.8093,8.70437,8.79976,2691900
2005-08-16,8.78545,8.79022,8.57082,8.60421,2919400
2005-08-17,8.65668,8.86654,8.65668,8.81407,4211400
2005-08-18,8.81407,8.85699,8.58513,8.62329,3809400
2005-08-19,8.6519,8.80453,8.6519,8.78545,3060400
2005-08-22,8.86653,8.89038,8.72345,8.75206,2821100
2005-08-23,8.82361,8.83314,8.71391,8.74729,2686500
2005-08-24,8.7473,8.919,8.6996,8.70437,4094600
2005-08-25,8.78545,8.81884,8.65667,8.65667,2011700
2005-08-26,8.39435,8.39912,8.17018,8.23695,10158700
2005-08-29,8.23696,8.3705,8.20834,8.33235,3206400
2005-08-30,8.0271,8.17018,7.78862,7.87924,12490300
2005-08-31,7.87924,8.01279,7.85062,7.91263,7693000
2005-09-01,7.91263,7.93171,7.54537,7.65507,11456300
2005-09-02,7.65507,7.82678,7.60738,7.61215,5490400
2005-09-06,7.61215,7.636,7.48814,7.51199,4114300
2005-09-07,7.52153,7.98894,7.52153,7.90309,9923800
2005-09-08,7.82201,7.8697,7.72662,7.80293,6250200
2005-09-09,7.79816,7.8077,7.67892,7.71231,4257900
2005-09-12,7.71708,7.76001,7.636,7.73616,5506200
2005-09-13,7.73139,7.79339,7.64554,7.73616,4905000
2005-09-14,7.72662,7.73139,7.32121,7.35937,7266300
2005-09-15,7.31167,7.44044,7.15427,7.17335,7498800
2005-09-16,7.20197,7.2449,7.14474,7.16859,9107400
2005-09-19,7.17813,7.20197,7.06366,7.15905,8610800
2005-09-20,7.15904,7.23536,7.07796,7.17335,6867500
2005-09-21,7.17812,7.22582,6.96827,6.99688,5943300
2005-09-22,6.9158,7.1972,6.9158,7.14951,6279700
2005-09-23,7.14951,7.25444,7.04935,7.21628,3151700
2005-09-26,7.20197,7.26874,7.10181,7.20197,3033100
2005-09-27,7.18766,7.22582,7.10658,7.10658,3468100
2005-09-28,7.11135,7.27351,7.11135,7.21151,2957500
2005-09-29,7.32121,7.46906,7.22582,7.43091,4265600
2005-09-30,7.4309,7.62168,7.39275,7.55968,5377800
2005-10-03,7.63123,7.87447,7.55968,7.71231,6668700
2005-10-04,7.72662,7.83632,7.56445,7.57399,5096600
2005-10-05,7.72662,7.72662,7.4643,7.56446,3851500
2005-10-06,7.56445,7.64077,7.35459,7.49768,3917500
2005-10-07,7.53107,7.60738,7.50245,7.53107,2456400
2005-10-10,7.53107,7.73616,7.51676,7.54061,4633400
2005-10-11,7.60261,7.60738,7.38798,7.47383,3783200
2005-10-12,7.3689,7.42614,7.15905,7.37844,4537800
2005-10-13,7.29259,7.29259,6.91103,7.14951,6357200
2005-10-14,7.20197,7.33552,7.16381,7.26874,6199600
2005-10-17,7.34505,7.57876,7.34505,7.47383,5026300
2005-10-18,7.48814,7.58353,7.17812,7.17812,7548200
2005-10-19,7.05888,7.0875,6.84426,7.01119,14988900
2005-10-20,7.0255,7.18289,6.79656,6.82041,7909500
2005-10-21,6.82041,6.87764,6.7441,6.8061,4950000
2005-10-24,6.81087,6.92057,6.79179,6.81087,3984900
2005-10-25,6.85857,6.92534,6.80133,6.90626,3119700
2005-10-26,6.89195,6.90149,6.74886,6.76317,3220300
2005-10-27,6.72025,6.72502,6.59147,6.65825,6888700
2005-10-28,6.65348,6.77272,6.65348,6.72502,4829400
2005-10-31,6.72502,6.9158,6.66301,6.91103,5905600
2005-11-01,6.90626,7.01119,6.85856,6.97303,3440100
2005-11-02,7.09773,7.22721,6.97304,7.19844,4024900
2005-11-03,7.19843,7.52454,7.19843,7.48138,5885500
2005-11-04,7.48139,7.50057,7.3519,7.467,2174800
2005-11-07,7.46699,7.52934,7.39985,7.51495,3250000
2005-11-08,7.49577,7.5725,7.38547,7.40465,2570000
2005-11-09,7.41424,7.53893,7.39506,7.50057,2575100
2005-11-10,7.467,7.48139,7.39986,7.44781,2442900
2005-11-11,7.45741,7.75474,7.45741,7.63485,3956800
2005-11-14,7.63485,7.63485,7.4574,7.49577,2937000
2005-11-15,7.50057,7.60128,7.4622,7.54373,2127800
2005-11-16,7.5725,7.78831,7.51016,7.76433,5092000
2005-11-17,7.76434,8.22952,7.76434,8.08565,5513900
2005-11-18,8.15279,8.19595,8.09524,8.1432,3268200
2005-11-21,8.10963,8.20075,8.10483,8.16718,3009900
2005-11-22,8.11923,8.5988,8.08086,8.5988,5005900
2005-11-23,8.55084,8.62278,8.45492,8.61318,3109100
2005-11-25,8.62757,8.62757,8.54125,8.56043,986000
2005-11-28,8.54604,8.57482,8.39258,8.44533,1822100
2005-11-29,8.63237,8.87695,8.63237,8.87695,9043200
2005-11-30,8.8242,9.07837,8.78104,9.07358,5538600
2005-12-01,9.11194,9.56754,8.96807,9.11674,9916900
2005-12-02,8.87215,8.99205,8.8146,8.89613,6451700
2005-12-05,9.11674,9.1551,9.02082,9.10714,8172100
2005-12-06,9.20306,9.2702,9.13592,9.13592,3521500
2005-12-07,9.06398,9.11194,8.97766,9.06398,5269900
2005-12-08,9.06878,9.18868,9.02562,9.11674,5445600
2005-12-09,9.16949,9.30377,9.11194,9.21265,9617500
2005-12-12,9.27979,9.34693,9.21745,9.33255,2260600
2005-12-13,9.30378,9.33255,9.17429,9.20786,3530400
2005-12-14,9.21745,9.2702,9.17429,9.2702,3198000
2005-12-15,9.30857,9.35173,9.17908,9.30857,2925400
2005-12-16,9.31816,9.43805,9.21265,9.39489,3608200
2005-12-19,9.39489,9.41887,9.28459,9.3805,2524000
2005-12-20,9.35173,9.42846,9.30857,9.39969,2644000
2005-12-21,9.14551,9.73539,9.11674,9.70182,35742800
2005-12-22,9.80733,9.8361,9.62988,9.76416,13423400
2005-12-23,9.76417,9.85049,9.7306,9.74978,4079000
2005-12-27,9.79294,9.79294,9.59151,9.60111,2942700
2005-12-28,9.63948,9.67784,9.3901,9.43806,3735900
2005-12-29,9.45724,9.52438,9.39969,9.46683,3123200
2005-12-30,9.48121,9.62988,9.37571,9.58672,2693300
2006-01-03,9.63948,9.65386,9.44285,9.62509,8194000
2006-01-04,9.70662,10.1286,9.68743,10.0903,12653000
2006-01-05,10.0759,10.1286,9.99916,9.99916,9026600
2006-01-06,10.1095,10.2869,10.0135,10.2581,9870500
2006-01-09,10.3205,10.7185,10.2869,10.6898,9621700
2006-01-10,10.6897,11.2077,10.5986,11.1837,13427100
2006-01-11,11.1405,11.2844,10.9679,11.1166,7482500
2006-01-12,11.0063,11.2317,10.9871,11.0302,5149000
2006-01-13,11.3899,11.6729,11.2365,11.6201,10311700
2006-01-17,11.6249,11.6345,11.4715,11.5722,7569000
2006-01-18,11.5098,11.951,11.3276,11.7976,11934400
2006-01-19,12.5889,12.8143,12.2532,12.2723,23340200
2006-01-20,12.3731,12.469,11.9462,11.9894,10017300
2006-01-23,12.0326,12.4258,11.9558,12.2628,7284400
2006-01-24,12.445,12.6944,12.445,12.656,8623800
2006-01-25,12.4642,12.493,12.1333,12.2915,9562500
2006-01-26,12.5025,12.7327,12.3299,12.5649,7092200
2006-01-27,12.7327,12.8239,12.421,12.5265,5896600
2006-01-30,12.5409,12.5793,12.2388,12.3059,5581800
2006-01-31,12.2771,12.5745,12.2292,12.5073,7977900
2006-02-01,12.339,12.5699,12.3342,12.517,4343200
2006-02-02,12.4592,12.464,12.2668,12.3293,3766800
2006-02-03,12.3294,12.4208,12.1273,12.2716,3853600
2006-02-06,12.3005,12.4015,11.8339,12.0022,4932700
2006-02-07,12.0263,12.0552,11.6559,11.7136,6219600
2006-02-08,11.882,12.007,11.8339,11.9734,4647100
2006-02-09,12.0984,12.339,12.0455,12.0552,5370700
2006-02-10,12.0552,12.1081,11.7954,12.1081,3880500
2006-02-13,12.1081,12.5795,12.06,12.4881,6892200
2006-02-14,12.5314,12.6998,12.5025,12.5266,9410400
2006-02-15,12.7238,12.9451,12.5554,12.7479,16248900
2006-02-16,12.7815,12.9788,12.7479,12.8922,6444700
2006-02-17,12.8922,13.1808,12.8489,13.1279,6619100
2006-02-21,13.2049,13.2097,12.9884,13.0846,4725500
2006-02-22,13.0365,13.0846,12.6468,12.7046,6432200
2006-02-23,12.5843,12.8826,12.1273,12.2139,7259300
2006-02-24,12.2428,12.4448,12.2187,12.2909,6911300
2006-02-27,12.3871,12.7912,12.3871,12.5073,3656500
2006-02-28,12.5843,12.9114,12.5506,12.7815,6227200
2006-03-01,12.8537,13.1327,12.6805,13.1087,4916600
2006-03-02,13.1279,13.3444,12.9884,13.3251,5289300
2006-03-03,13.277,13.5224,13.2097,13.5079,7448100
2006-03-06,13.5079,13.5175,13.1087,13.2385,6549000
2006-03-07,13.0124,13.0124,12.2861,12.5795,14855800
2006-03-08,12.4592,12.4977,11.8579,11.9589,13960900
2006-03-09,12.1225,12.2764,11.7858,11.7858,12248200
2006-03-10,11.8146,11.882,11.2999,11.6799,11674800
2006-03-13,11.7136,11.9926,11.2037,11.5068,9938800
2006-03-14,11.5068,11.9638,11.4009,11.882,6503000
2006-03-15,12.1129,12.2909,12.0503,12.2476,7958600
2006-03-16,12.3871,12.3871,11.8531,11.8627,4624800
2006-03-17,11.8531,12.0263,11.5597,11.8964,7693400
2006-03-20,11.8964,12.1321,11.8916,12.0263,4904300
2006-03-21,12.0311,12.262,11.906,11.9974,5417400
2006-03-22,11.7858,11.7858,11.4009,11.55,11559700
2006-03-23,11.7617,11.7858,11.4971,11.6511,5696000
2006-03-24,11.6703,11.7761,11.6415,11.7713,3435100
2006-03-27,11.8098,11.8387,11.5693,11.6126,4367100
2006-03-28,11.5933,11.7809,11.5404,11.5837,4898200
2006-03-29,11.6799,12.3582,11.6751,12.262,7525200
2006-03-30,12.2909,12.7382,12.2331,12.6661,7953400
2006-03-31,12.7479,12.9403,12.5603,12.6661,6576700
2006-04-03,12.6661,12.796,12.5073,12.6132,4206000
2006-04-04,12.9307,13.3444,12.9307,13.3203,16068000
2006-04-05,13.0605,13.2866,12.8489,13.1087,14192500
2006-04-06,13.1087,13.1616,12.8826,13.0461,4833900
2006-04-07,13.1327,13.2193,12.9307,13.0846,4581400
2006-04-10,12.9884,13.0702,12.5939,12.7238,4191900
2006-04-11,12.6517,12.7238,12.464,12.6998,4053100
2006-04-12,12.7238,13.0894,12.6998,12.8393,5912200
2006-04-13,12.8441,12.8441,12.4833,12.6035,5230000
2006-04-17,12.6324,12.9403,12.6276,12.9162,4491800
2006-04-18,12.9643,13.3155,12.9643,13.2385,8368400
2006-04-19,12.4592,12.5314,12.1417,12.3871,20167000
2006-04-20,12.2764,12.4592,12.084,12.2187,7328900
2006-04-21,12.1706,12.2716,11.9301,12.0744,7372300
2006-04-24,12.0022,12.0167,11.9156,12.0119,4457300
2006-04-25,12.0215,12.2668,11.9445,12.185,4077900
2006-04-26,12.2331,12.2572,11.9301,11.9686,2783500
2006-04-27,11.9686,12.6709,11.8435,12.4929,6324100
2006-04-28,12.695,13.0365,12.5795,12.7767,5882400
2006-05-01,12.7767,12.9403,12.6084,12.8441,5439200
2006-05-02,12.9499,12.9643,12.6998,12.8681,3619800
2006-05-03,13.008,13.148,12.5931,12.7861,5737000
2006-05-04,12.7861,12.8633,12.6607,12.7041,4291400
2006-05-05,12.7861,12.8488,12.7186,12.7765,2872400
2006-05-08,12.7379,12.9019,12.6751,12.8344,3683500
2006-05-09,12.8971,12.9067,12.6462,12.7765,3027500
2006-05-10,12.5497,12.7765,12.4098,12.4146,5386100
2006-05-11,12.4098,12.4146,11.7536,11.8694,8219600
2006-05-12,11.7246,11.8742,11.4448,11.6233,8487600
2006-05-15,11.6233,11.8549,11.4255,11.4834,5350200
2006-05-16,11.4834,11.4834,11.1504,11.218,7129800
2006-05-17,11.218,11.4206,10.914,11.3772,6506000
2006-05-18,11.411,11.8259,11.411,11.6088,6931400
2006-05-19,11.6136,12.2361,11.5943,12.0382,10821500
2006-05-22,12.0382,12.1347,11.6619,12.0189,8784000
2006-05-23,12.294,12.5593,11.4062,11.4255,14500000
2006-05-24,11.4592,11.4882,10.8609,11.218,10811400
2006-05-25,11.218,11.6088,11.218,11.5413,7534500
2006-05-26,11.6619,11.7536,11.4834,11.6812,4408200
2006-05-30,11.6185,11.6233,11.2904,11.3434,10466700
2006-05-31,11.3386,11.3869,11.1215,11.2663,15905100
2006-06-01,11.3627,11.5847,11.1456,11.5557,7183200
2006-06-02,11.604,11.797,11.4592,11.6378,7480000
2006-06-05,11.6378,11.6378,11.0684,11.0974,8988100
2006-06-06,11.1215,11.218,10.75,10.9623,5400400
2006-06-07,10.9719,11.0443,10.5811,10.7982,15621600
2006-06-08,10.6631,11.2035,10.3785,11.1263,12950400
2006-06-09,11.1697,11.4641,10.6873,11.1504,8744800
2006-06-12,11.1504,11.2325,10.6438,10.7307,5233200
2006-06-13,10.6149,10.6873,10.1662,10.1662,11035800
2006-06-14,10.2048,10.3785,10.1469,10.1999,5405400
2006-06-15,10.3495,10.8561,10.3495,10.721,6025700
2006-06-16,10.7596,10.8417,10.4798,10.5087,4922900
2006-06-19,10.639,10.6873,10.3495,10.4315,3652100
2006-06-20,10.3495,10.4267,10.1469,10.1758,5064900
2006-06-21,10.1758,10.4701,10.1324,10.2675,7391000
2006-06-22,10.3013,10.335,10.1565,10.1758,3111600
2006-06-23,10.1903,10.335,10.1034,10.1276,5586800
2006-06-26,10.2048,10.3254,10.1565,10.2723,3277800
2006-06-27,10.2578,10.3399,10.1034,10.171,3858000
2006-06-28,10.1758,10.3736,10.1227,10.2627,4237100
2006-06-29,10.3978,10.7162,10.2868,10.6583,5337100
2006-06-30,10.8561,11.1215,10.8368,10.9237,4946200
2006-07-03,10.9478,11.1311,10.8416,10.8706,1811500
2006-07-05,10.8706,11.0057,10.6149,10.9768,3999900
2006-07-06,10.9285,11.1553,10.9237,11.0877,4703000
2006-07-07,11.0877,11.0877,10.8079,10.8947,3234800
2006-07-10,11.0009,11.0105,10.5377,10.6004,4318300
2006-07-11,10.6149,11.0684,10.6149,11.0009,5204700
2006-07-12,11.0491,11.189,10.914,10.9912,5624400
2006-07-13,10.8368,11.3241,10.75,10.832,5751300
2006-07-14,10.9526,10.9767,10.7596,10.8223,4830100
2006-07-17,10.8561,11.1939,10.8561,11.0491,4006000
2006-07-18,11.1456,11.4158,11.0298,11.3097,6835700
2006-07-19,11.3386,11.9659,11.329,11.7101,7365800
2006-07-20,12.0624,12.1589,11.4689,11.5509,5949200
2006-07-21,11.4303,11.4303,10.8417,10.9961,10545200
2006-07-24,11.0491,11.3434,11.0154,11.3434,4705600
2006-07-25,11.3434,11.382,11.0684,11.189,4411200
2006-07-26,11.0491,11.1215,10.7452,11.0202,6820900
2006-07-27,11.0202,11.0684,10.7934,10.9285,4521000
2006-07-28,11.0974,11.5799,11.0974,11.3097,6166300
2006-07-31,11.218,11.2807,11.0395,11.1939,6208200
2006-08-01,11.0732,11.136,10.832,10.8368,4488900
2006-08-02,10.8561,11.0298,10.8031,10.8079,6100900
2006-08-03,10.7114,10.8368,10.6631,10.7114,6040800
2006-08-04,10.7355,10.9044,10.4991,10.4991,7517000
2006-08-07,10.5039,10.6101,10.3447,10.3495,6313100
2006-08-08,10.3833,10.4171,9.98763,9.98763,11980800
2006-08-09,9.2639,9.81876,9.23977,9.62577,20232400
2006-08-10,9.60164,9.76086,9.50514,9.73191,9490700
2006-08-11,9.65472,9.79464,9.61612,9.62577,5041200
2006-08-14,9.74639,10.0069,9.68366,9.80429,6488100
2006-08-15,9.91526,10.0214,9.62577,10.0118,12690700
2006-08-16,10.036,10.53,10.036,10.5252,8404400
2006-08-17,10.5252,10.5542,10.2491,10.3605,7810100
2006-08-18,10.3169,10.3653,10.128,10.3363,5489000
2006-08-21,10.1716,10.3024,10.1619,10.2927,3945300
2006-08-22,10.3072,10.3169,10.0796,10.1329,3735800
2006-08-23,10.1329,10.3266,9.80833,9.93911,7069700
2006-08-24,9.94395,9.98754,9.7502,9.88583,4246900
2006-08-25,9.91005,10.0844,9.78895,9.95848,2835300
2006-08-28,9.95848,10.128,9.94879,10.128,3755500
2006-08-29,10.1716,10.2539,10.1183,10.2539,5467400
2006-08-30,10.2927,10.6657,10.1861,10.656,5699900
2006-08-31,10.6075,10.8158,10.5736,10.7771,5246900
2006-09-01,11.0192,11.0919,10.7528,10.9417,6618600
2006-09-05,10.8981,10.8981,10.4816,10.7674,9036800
2006-09-06,10.3653,10.3653,9.89067,9.89067,9870000
2006-09-07,9.88098,9.91489,9.53709,9.7163,8912700
2006-09-08,9.81802,9.90036,9.67271,9.71146,5418300
2006-09-11,9.73567,9.92458,9.69693,9.87129,3738800
2006-09-12,9.91005,10.1716,9.89068,10.1329,5639900
2006-09-13,10.1813,10.3411,10.1716,10.2394,4777800
2006-09-14,10.2636,10.7528,10.0505,10.7431,7677500
2006-09-15,10.6705,10.8497,10.3653,10.6996,11202800
2006-09-18,10.7044,11.0774,10.6172,10.7577,9754200
2006-09-19,10.9708,11.0434,10.7141,10.8836,8099200
2006-09-20,11.0047,11.1403,10.9805,11.1355,6503200
2006-09-21,11.058,11.1064,10.8981,11.0531,7096900
2006-09-22,11.0289,11.0386,10.8013,10.9078,5659600
2006-09-25,10.8739,10.9805,10.7964,10.9466,5374500
2006-09-26,10.8933,10.966,10.7916,10.8933,6778000
2006-09-27,10.9078,11.3631,10.8981,11.1645,7917100
2006-09-28,11.2614,11.2808,11.0144,11.1403,5703400
2006-09-29,11.0919,11.3534,11.0725,11.1839,5014500
2006-10-02,11.087,11.2372,10.9999,11.1064,5116700
2006-10-03,10.8981,11.213,10.8449,11.0531,8359900
2006-10-04,11.0095,11.1209,10.9127,11.0483,5173100
2006-10-05,10.9272,11.0531,10.8739,10.9708,4715000
2006-10-06,10.9127,10.9514,10.7674,10.84,5012100
2006-10-09,10.8352,10.8352,10.4332,10.4913,8849700
2006-10-10,10.501,10.501,10.0796,10.1522,20633600
2006-10-11,10.1522,10.3266,10.1038,10.1377,10030900
2006-10-12,10.3653,10.3653,10.0408,10.128,7189400
2006-10-13,10.128,10.4913,10.0602,10.4864,8097800
2006-10-16,10.5107,10.7674,10.501,10.656,5902200
2006-10-17,10.6511,10.6511,10.4332,10.6027,4319700
2006-10-18,10.6317,10.6947,10.2685,10.4235,3547100
2006-10-19,10.3411,10.5203,10.2491,10.4864,4524400
2006-10-20,10.4186,10.6899,10.4186,10.6899,7684700
2006-10-23,10.6802,10.6899,10.191,10.3896,7999000
2006-10-24,10.4525,10.4622,10.1813,10.2346,8581400
2006-10-25,10.3653,11.0192,10.3605,10.8642,16426100
2006-10-26,10.8642,11.1355,10.8497,11.1161,6405300
2006-10-27,10.9708,10.9999,10.6366,10.7383,7450900
2006-10-30,10.6075,10.995,10.593,10.9853,5784700
2006-10-31,10.9708,11.1016,10.8739,10.9369,3480400
2006-11-01,11.0439,11.0683,10.7034,10.8299,9928500
2006-11-02,10.898,10.9223,10.7471,10.8493,4688000
2006-11-03,11.112,11.1558,10.9466,11.0828,7961000
2006-11-06,11.0828,11.292,10.9953,11.2385,6624400
2006-11-07,11.1412,11.258,11.0196,11.078,8243400
2006-11-08,11.0439,11.2775,10.8542,11.2337,9357300
2006-11-09,11.3504,11.6764,11.258,11.5013,9317600
2006-11-10,11.3845,11.5596,11.292,11.4088,4568600
2006-11-13,11.3115,11.5499,11.1899,11.2629,4503800
2006-11-14,11.2385,11.5791,11.1412,11.5645,7464700
2006-11-15,11.4818,12.0802,11.4575,12.0316,10323200
2006-11-16,12.1289,12.411,12.0997,12.3283,13436100
2006-11-17,12.3283,12.3381,12.197,12.3332,5958800
2006-11-20,12.2359,12.6738,12.1435,12.5667,9192700
2006-11-21,12.3721,12.6592,12.3575,12.4889,5648200
2006-11-22,12.4402,12.8343,12.4208,12.8002,5206000
2006-11-24,12.81,12.99,12.7419,12.9851,1975500
2006-11-27,12.9851,12.9851,12.2018,12.3964,9268800
2006-11-28,12.2943,12.6494,12.2699,12.5667,6732500
2006-11-29,12.6397,12.6494,12.4354,12.484,6778900
2006-11-30,12.4305,12.6592,12.3089,12.5327,6888700
2006-12-01,12.5327,12.6251,12.3818,12.5619,5119700
2006-12-04,12.6251,12.6981,12.484,12.6592,3824600
2006-12-05,12.6592,12.8392,12.557,12.7711,3704200
2006-12-06,12.7711,13.097,12.7029,12.8294,6412100
2006-12-07,12.8294,12.9851,12.7954,12.8246,4605300
2006-12-08,12.844,12.9608,12.7321,12.844,5129000
2006-12-11,12.7759,12.8586,12.6932,12.7321,3455700
2006-12-12,12.6494,12.8197,12.3916,12.5375,7598600
2006-12-13,12.6008,12.7711,12.45,12.6981,4520400
2006-12-14,12.6543,12.8927,12.6008,12.8197,5479600
2006-12-15,12.883,13.0338,12.7954,13.0046,6054300
2006-12-18,12.99,13.1262,12.9365,12.99,3269200
2006-12-19,12.9413,13.0484,12.6446,13.0484,4365500
2006-12-20,13.0484,13.2673,13.0095,13.0873,6978000
2006-12-21,13.024,13.1603,12.7273,12.8148,3976500
2006-12-22,12.7711,12.9754,12.7127,12.9121,2782300
2006-12-26,12.8976,13.1505,12.8976,13.063,2001200
2006-12-27,13.0873,13.2381,13.024,13.0532,3157600
2006-12-28,13.0143,13.0824,12.8684,12.8781,4321400
2006-12-29,12.9073,13.0046,12.8927,12.8927,2374000
2007-01-03,12.5278,12.7516,12.5035,12.6835,6390900
2007-01-04,12.5619,12.883,12.4694,12.844,5827400
2007-01-05,12.7467,12.7711,12.5083,12.6543,7942400
2007-01-08,12.6689,12.6981,12.4986,12.5813,7234000
2007-01-09,12.6397,13.1116,12.6008,12.9803,9921500
2007-01-10,12.9803,13.2722,12.8976,13.0435,9854800
2007-01-11,12.9413,13.2916,12.9267,13.0435,6449000
2007-01-12,13.0143,13.1019,12.9559,13.0484,4890400
2007-01-16,13.0095,13.2187,13.0095,13.1214,5875500
2007-01-17,13.2041,13.3792,13.0873,13.3208,6293200
2007-01-18,13.1408,13.1457,12.7419,12.7905,9520000
2007-01-19,12.6494,12.8538,12.5765,12.6251,6398200
2007-01-22,12.6786,12.9413,12.5083,12.883,6028900
2007-01-23,12.8878,13.024,12.6348,12.737,8228200
2007-01-24,13.3403,13.8609,13.2868,13.7927,15901200
2007-01-25,13.8073,13.8706,13.3987,13.4814,7679800
2007-01-26,13.17,13.4376,13.1359,13.3062,9010900
2007-01-29,13.5203,13.5203,13.2187,13.3597,5326200
2007-01-30,13.4668,13.5106,13.3257,13.4327,3648800
2007-01-31,13.1935,13.2862,13.1202,13.2276,5398700
2007-02-01,13.2374,13.3253,13.0128,13.0616,5659800
2007-02-02,12.9982,13.1251,12.7638,12.8614,8359100
2007-02-05,12.7784,13.047,12.6856,12.8907,5855100
2007-02-06,12.7442,12.8175,12.5636,12.7345,4629600
2007-02-07,12.754,12.92,12.7149,12.8614,4933900
2007-02-08,12.8419,12.9396,12.7638,12.8566,2714200
2007-02-09,12.8565,13.0372,12.7149,12.7247,3778800
2007-02-12,12.671,12.837,12.6222,12.7101,1829400
2007-02-13,12.7442,12.7882,12.544,12.7296,4252900
2007-02-14,12.7198,13.0665,12.5196,12.9884,5176200
2007-02-15,13.0274,13.086,12.9249,13.0177,2543700
2007-02-16,12.9396,13.0714,12.8907,12.9591,5742700
2007-02-20,12.8663,13.1544,12.6515,13.1007,4059500
2007-02-21,13.0372,13.2521,12.9835,13.2032,4732900
2007-02-22,13.4132,13.5694,13.2765,13.4425,9034800
2007-02-23,13.4767,13.7403,13.3888,13.672,5895000
2007-02-26,13.672,13.7794,13.5646,13.7501,6487200
2007-02-27,13.6134,13.6134,12.8907,12.9933,7339000
2007-02-28,13.1251,13.2765,12.8175,13.1349,7576000
2007-03-01,12.7931,13.1398,12.5978,12.9054,7888900
2007-03-02,12.9054,12.9054,11.9776,12.0313,15056700
2007-03-05,12.0851,12.3292,12.0216,12.0265,9396800
2007-03-06,12.2364,12.3292,11.9874,12.1046,7794900
2007-03-07,12.0899,12.2608,11.9679,12.0606,4882200
2007-03-08,12.2022,12.2657,11.8067,11.8653,6565700
2007-03-09,11.9532,11.963,11.67,11.8458,8848700
2007-03-12,11.7579,12.0704,11.7286,12.0313,4311500
2007-03-13,11.8409,11.9435,11.6407,11.7433,3846700
2007-03-14,11.6554,11.8946,11.5821,11.8751,4457400
2007-03-15,11.9435,12.1974,11.9093,12.0118,6021600
2007-03-16,12.0655,12.0655,11.7872,11.9386,2926200
2007-03-19,12.0216,12.0606,11.7872,11.9532,3432800
2007-03-20,12.0216,12.0655,11.9044,12.0216,5573600
2007-03-21,12.0802,12.3731,12.0118,12.3292,3471100
2007-03-22,11.963,12.378,11.9142,12.2608,3038500
2007-03-23,12.2169,12.4464,12.1534,12.2267,5030200
2007-03-26,12.2218,12.2218,11.9142,12.0948,4225500
2007-03-27,12.0997,12.1729,11.8897,11.9679,3550600
2007-03-28,11.8897,11.8995,11.5382,11.6212,5775700
2007-03-29,11.7091,11.7384,11.2891,11.4356,7285300
2007-03-30,11.3526,11.3819,11.2013,11.377,7137700
2007-04-02,11.3526,11.3868,11.0255,11.1964,5701200
2007-04-03,11.211,11.3868,11.1378,11.3429,5063300
2007-04-04,11.294,11.3233,11.1134,11.1622,5277900
2007-04-05,11.1329,11.4259,11.0255,11.3624,5313000
2007-04-09,11.3624,11.4601,11.255,11.4552,3161400
2007-04-10,10.7423,10.7472,10.3858,10.7423,34892000
2007-04-11,10.7618,10.7813,10.4493,10.4981,11765100
2007-04-12,10.4981,10.6886,10.4737,10.6153,6502500
2007-04-13,10.7374,10.7569,10.5518,10.7472,8135800
2007-04-16,10.8302,11.0304,10.8057,11.0059,7862000
2007-04-17,11.0694,11.128,10.752,10.8155,15125900
2007-04-18,10.2052,10.4444,9.86336,10.4005,31896900
2007-04-19,10.3761,10.669,10.3028,10.4151,9374000
2007-04-20,10.5274,10.5616,10.2637,10.5372,12126800
2007-04-23,10.5274,10.669,10.4981,10.5225,5308700
2007-04-24,10.5421,10.8155,10.5225,10.7862,7264800
2007-04-25,10.7423,10.8839,10.7276,10.7765,4075000
2007-04-26,10.7276,11.0841,10.5518,10.962,10130300
2007-04-27,10.962,10.962,10.7227,10.7911,6853500
2007-04-30,10.7716,10.9766,10.7276,10.8155,4461200
2007-05-01,10.7618,10.7765,10.5421,10.547,6474800
2007-05-02,10.5568,10.6353,10.4979,10.6205,6260900
2007-05-03,10.699,10.9149,10.6892,10.8805,5285300
2007-05-04,10.9051,10.9885,10.7677,10.8266,3797100
2007-05-07,10.8266,11.0228,10.699,10.959,7360900
2007-05-08,10.959,11.1111,10.856,11.0375,4015300
2007-05-09,10.9885,10.9885,10.7922,10.9296,3731800
2007-05-10,10.8658,10.8854,10.5715,10.6451,3612900
2007-05-11,10.6696,10.8609,10.6598,10.8462,2863800
2007-05-14,10.7285,10.7971,10.6009,10.65,2653800
2007-05-15,10.6843,10.7775,10.5028,10.5126,3660500
2007-05-16,10.6451,10.6451,10.3949,10.439,4754900
2007-05-17,10.5519,10.6451,10.1251,10.1594,8626000
2007-05-18,10.179,10.2673,10.0956,10.2428,7149800
2007-05-21,10.2232,10.2821,10.1938,10.233,6437400
2007-05-22,10.233,10.5028,10.2183,10.4734,8334700
2007-05-23,10.6303,10.6303,10.3507,10.3753,8502600
2007-05-24,10.2624,10.3753,10.0613,10.1496,11676200
2007-05-25,10.1153,10.2036,9.94358,9.95829,9789800
2007-05-29,9.96319,10.2134,9.96319,10.1839,4927700
2007-05-30,10.1839,10.2183,10.0564,10.1496,9866300
2007-05-31,10.0809,10.1251,10.0024,10.1006,8135500
2007-06-01,10.2036,10.2673,10.1447,10.1692,6930800
2007-06-04,10.1692,10.2723,10.13,10.179,6450100
2007-06-05,10.1447,10.1643,10.0024,10.0073,7706400
2007-06-06,9.93376,10.1202,9.86018,10.0956,7323200
2007-06-07,10.0564,10.2232,9.97301,9.98772,5696000
2007-06-08,10.0024,10.2575,9.98772,10.2526,6260500
2007-06-11,10.3017,10.3949,10.1889,10.233,4745000
2007-06-12,10.179,10.3802,10.1349,10.2183,11882600
2007-06-13,10.3066,10.3066,10.0073,10.1545,6629000
2007-06-14,10.1987,10.3017,10.1545,10.1888,4138700
2007-06-15,10.2134,10.4292,10.2036,10.2821,5775500
2007-06-18,10.287,10.4341,10.2281,10.3066,4824300
2007-06-19,10.2919,10.6647,10.2919,10.6304,5468000
2007-06-20,10.65,10.65,10.4685,10.4881,4516800
2007-06-21,10.4636,10.9149,10.4243,10.9051,6812200
2007-06-22,10.7824,10.9737,10.5813,10.8854,26721800
2007-06-25,10.856,10.8953,10.6156,10.7088,5152700
2007-06-26,10.7432,10.8413,10.6598,10.7922,3370800
2007-06-27,10.6451,10.959,10.6009,10.9443,3907100
2007-06-28,10.9002,10.9443,10.547,10.5715,7538600
2007-06-29,10.6843,10.8266,10.596,10.6794,7783000
2007-07-02,10.8413,10.959,10.7334,10.959,5056200
2007-07-03,11.0375,11.2239,11.0375,11.1552,2951600
2007-07-05,11.1602,11.4545,11.0915,11.3417,4780300
2007-07-06,11.3907,11.6556,11.3073,11.5624,5731700
2007-07-09,11.533,11.6507,11.4251,11.5379,3506100
2007-07-10,11.43,11.5428,11.2386,11.2828,4654700
2007-07-11,11.2681,11.2681,11.062,11.1258,6083800
2007-07-12,11.2386,11.3711,11.2043,11.3073,6510800
2007-07-13,11.3318,11.3318,11.1307,11.1847,13817600
2007-07-16,11.17,11.3122,11.1356,11.1749,5855300
2007-07-17,11.2043,11.5084,11.1013,11.3809,7692300
2007-07-18,11.3318,11.6066,11.2828,11.4839,11852400
2007-07-19,11.5771,11.8813,11.5281,11.8322,10931200
2007-07-20,12.1413,12.2639,12.0284,12.0824,10743400
2007-07-23,12.1069,12.2639,12.1069,12.205,5129700
2007-07-24,12.0726,12.1805,11.842,11.9352,6325300
2007-07-25,12.2394,12.3571,12.1413,12.2443,5239300
2007-07-26,12.0235,12.2492,11.8273,12.0726,9845800
2007-07-27,12.2639,12.2639,11.6752,11.6801,4878400
2007-07-30,11.7096,11.9205,11.6801,11.8518,4292800
2007-07-31,11.8764,11.9647,11.5134,11.533,4524800
2007-08-01,11.4788,11.8581,11.3605,11.7153,6752300
2007-08-02,11.7251,11.9419,11.6364,11.8975,4902900
2007-08-03,11.8236,11.8778,11.5527,11.5675,5090700
2007-08-06,11.5773,11.8138,11.4689,11.7892,5434600
2007-08-07,11.868,11.868,11.1684,11.331,7449200
2007-08-08,11.4295,11.7793,11.3408,11.7547,8682800
2007-08-09,11.5133,12.07,11.3507,11.4394,9490700
2007-08-10,11.5182,12.0059,11.2916,11.7497,7006100
2007-08-13,11.7744,12.0897,11.7744,11.9714,5374700
2007-08-14,12.065,12.2128,11.8187,11.9714,6160900
2007-08-15,11.9025,12.1143,11.4295,11.5083,6467400
2007-08-16,11.4542,11.4542,10.6561,11.1684,13356700
2007-08-17,11.5773,11.7645,11.1241,11.7005,9573200
2007-08-20,11.6857,12.0207,11.666,11.9369,5812000
2007-08-21,11.868,12.1833,11.8631,11.9468,6069600
2007-08-22,12.0306,12.1586,11.9961,12.0552,4925700
2007-08-23,12.1439,12.2572,11.868,12.1685,7439400
2007-08-24,12.1685,12.3163,12.0059,12.2966,3849200
2007-08-27,12.4592,12.5331,12.2227,12.2621,8291300
2007-08-28,12.1685,12.267,11.9961,12.0503,8206300
2007-08-29,12.602,12.7843,12.4197,12.5084,14751600
2007-08-30,12.4838,12.7794,12.3902,12.5134,6966400
2007-08-31,12.6858,12.7745,12.4936,12.7203,4818000
2007-09-04,12.5725,12.9321,12.5725,12.7843,4861000
2007-09-05,12.6168,12.7351,12.4493,12.5528,7859200
2007-09-06,12.6217,12.8286,12.405,12.804,5397800
2007-09-07,12.4887,12.5774,12.134,12.3853,7489600
2007-09-10,12.4887,12.5528,12.0404,12.2424,5679800
2007-09-11,12.3705,12.6513,12.3459,12.5183,5491600
2007-09-12,12.3803,12.5971,12.134,12.1636,4262000
2007-09-13,12.2769,12.3114,11.9567,12.1981,3931300
2007-09-14,12.1192,12.1783,11.8926,12.1537,4824000
2007-09-17,12.0798,12.3015,12.0601,12.1488,3379200
2007-09-18,12.1488,12.405,11.9961,12.3311,6487900
2007-09-19,12.5134,12.6562,12.405,12.5183,6360600
2007-09-20,12.5528,12.8828,12.4148,12.5134,6344800
2007-09-21,12.5183,12.6858,12.4542,12.5035,4992600
2007-09-24,12.6217,12.8878,12.5725,12.7646,6764800
2007-09-25,12.6858,13.1193,12.6168,13.0848,6183000
2007-09-26,13.0799,13.2228,12.8631,12.9814,5398300
2007-09-27,13.0947,13.1784,12.6809,12.6907,5830800
2007-09-28,12.671,12.8434,12.5281,12.602,4305200
2007-10-01,12.6414,13.1341,12.6119,13.1193,6131200
2007-10-02,13.1637,13.1637,12.8237,13.1341,5523200
2007-10-03,12.9567,12.9814,12.6267,12.7695,6573800
2007-10-04,12.7745,12.7892,12.4148,12.5774,5679400
2007-10-05,12.735,12.8631,12.6365,12.7153,4004100
2007-10-08,12.7745,12.9764,12.7104,12.9617,2724100
2007-10-09,13.0109,13.1784,12.8237,13.1784,6583100
2007-10-10,13.0306,13.3509,13.0306,13.3459,7461600
2007-10-11,13.474,13.5134,12.8681,12.9124,5906200
2007-10-12,12.9764,13.1637,12.8089,13.1637,4790600
2007-10-15,13.1637,13.3607,13.0701,13.2474,6817600
2007-10-16,13.1045,13.3213,12.9715,13.0306,7625300
2007-10-17,13.4987,13.5529,12.9912,13.3065,14726300
2007-10-18,13.2326,13.5479,13.1834,13.4987,6394200
2007-10-19,13.2967,13.543,13.0799,13.2375,8069500
2007-10-22,13.1242,13.6809,13.0257,13.6809,7915200
2007-10-23,13.6908,13.7696,13.3952,13.6809,6772500
2007-10-24,13.4691,13.6317,11.6364,13.3262,8496600
2007-10-25,13.2917,13.405,12.671,12.9124,9139100
2007-10-26,13.1784,13.3213,12.735,13.277,6529900
2007-10-29,13.4494,13.6711,13.41,13.4494,7765600
2007-10-30,13.4494,13.4691,13.2129,13.2917,5131900
2007-10-31,13.4154,13.8159,13.3412,13.7664,13377200
2007-11-01,13.6181,13.8307,13.5242,13.6478,9536300
2007-11-02,13.7022,14.2955,13.534,14.1423,21170200
2007-11-05,13.7961,14.1966,13.7961,13.989,7477400
2007-11-06,14.2807,14.2807,13.6923,13.8357,6764300
2007-11-07,13.5983,14.0928,13.5983,13.7516,8141000
2007-11-08,13.6132,13.895,13.1038,13.7318,10642700
2007-11-09,13.4599,13.8208,13.272,13.4005,11321800
2007-11-12,13.3758,13.445,12.7676,12.817,8491300
2007-11-13,12.9209,13.1038,12.906,12.9901,12240600
2007-11-14,13.0544,13.3461,12.9753,13,9348000
2007-11-15,12.9456,13.089,12.6736,12.8319,5173200
2007-11-16,12.9308,13.1928,12.8368,13.1681,6968100
2007-11-19,13.1681,13.4846,12.8566,12.9308,7384100
2007-11-20,13.0346,13.1335,12.3918,12.644,6824100
2007-11-21,12.4709,12.7923,12.3671,12.4363,6102800
2007-11-23,12.8072,12.8072,12.283,12.3621,3005200
2007-11-26,12.3868,12.911,12.3868,12.5203,7616500
2007-11-27,12.6094,12.9654,12.466,12.8665,7183700
2007-11-28,12.995,13.8011,12.995,13.3362,12604900
2007-11-29,13.3511,13.5637,13.2275,13.3956,6870800
2007-11-30,13.4846,13.6181,12.6885,12.7528,14398100
2007-12-03,12.5945,12.9011,12.5451,12.6192,5663000
2007-12-04,12.5846,12.7132,12.4116,12.6588,6675500
2007-12-05,13.0396,13.5983,13.0049,13.445,11110800
2007-12-06,13.5637,13.7269,13.2423,13.628,9686200
2007-12-07,13.7467,13.7912,13.3857,13.7813,4753300
2007-12-10,13.8456,13.8456,13.539,13.8357,4116900
2007-12-11,13.9346,13.9642,13.6082,13.7813,7354700
2007-12-12,13.9247,13.9939,13.5736,13.717,10515400
2007-12-13,13.7467,13.7467,13.3659,13.6626,6256400
2007-12-14,13.534,13.6824,13.2522,13.6082,7098300
2007-12-17,13.6675,13.8011,13.4203,13.4698,6969500
2007-12-18,13.6972,13.7516,12.8566,13.0198,7511200
2007-12-19,13.0099,13.1335,12.7132,13,6262900
2007-12-20,13.1483,13.1632,12.7082,13.0494,4973100
2007-12-21,13.0742,13.3264,12.7923,12.8418,4463800
2007-12-24,13.0099,13.0148,12.8566,12.8912,1198100
2007-12-26,12.9703,12.9703,12.6984,12.9555,2307200
2007-12-27,13.0099,13.0297,12.8467,12.8912,2450900
2007-12-28,12.9901,12.9901,12.728,12.7824,2424500
2007-12-31,12.8912,12.906,12.4857,12.6094,2801100
2008-01-02,12.733,12.733,12.0308,12.0852,5685900
2008-01-03,12.2335,12.5896,11.7391,12.1198,9964900
2008-01-04,11.749,12.0654,11.4127,11.5264,7540800
2008-01-07,11.4819,11.6599,11.1753,11.388,7601800
2008-01-08,11.2297,11.2841,10.9182,10.9627,9703500
2008-01-09,11.0962,11.655,10.9825,11.6253,14544000
2008-01-10,11.5116,11.9171,11.3731,11.7391,7797500
2008-01-11,11.7193,11.7242,11.2446,11.3286,4875000
2008-01-14,11.383,11.833,11.3484,11.749,7834600
2008-01-15,11.655,11.744,11.2841,11.5314,8344900
2008-01-16,10.9429,11.5264,10.9429,11.3632,8852000
2008-01-17,11.3731,11.3781,10.5276,10.6809,13349400
2008-01-18,10.5127,10.8688,9.61277,9.74134,23784800
2008-01-22,9.19741,9.98858,9.19741,9.91936,12247100
2008-01-23,9.69189,9.8798,9.31608,9.74629,18244800
2008-01-24,10.0183,10.399,9.98859,10.3792,14545700
2008-01-25,10.7006,10.7006,10.2606,10.3792,10647800
2008-01-28,10.3891,10.3941,10.0825,10.31,7809200
2008-01-29,10.3545,10.3545,9.91936,10.0924,8452500
2008-01-30,10.0129,10.4204,9.97813,10.1371,7720300
2008-01-31,10.1719,10.2465,10.008,10.0726,10869600
2008-02-01,10.2117,10.48,10.0229,10.4005,10243400
2008-02-04,10.4353,10.485,10.157,10.3061,5211300
2008-02-05,10.4303,10.7036,10.321,10.5496,8446300
2008-02-06,10.6043,10.7086,10.4552,10.4949,5821400
2008-02-07,10.3558,10.7881,10.2862,10.6937,6465400
2008-02-08,10.7682,10.9819,10.7036,10.9074,6192500
2008-02-11,10.9322,11.1807,10.7086,11.1012,5448600
2008-02-12,11.1807,11.3894,11.0465,11.3099,6068200
2008-02-13,11.285,11.6478,11.2701,11.5583,6097000
2008-02-14,11.6478,11.6478,11.1707,11.1757,6999300
2008-02-15,11.0714,11.3645,11.0068,11.2701,6346700
2008-02-19,11.4192,11.6975,11.3695,11.5732,5483200
2008-02-20,11.4937,11.618,11.2155,11.5236,6058600
2008-02-21,11.5335,11.8366,11.5285,11.6627,6168700
2008-02-22,11.7174,11.8118,11.444,11.8118,4295300
2008-02-25,11.8267,11.9807,11.4788,11.8565,4754300
2008-02-26,11.8515,11.9211,11.5136,11.782,8007800
2008-02-27,11.777,11.9012,11.4391,11.7223,7444400
2008-02-28,11.3795,11.5633,10.9919,11.1061,11165900
2008-02-29,11.0217,11.1459,10.6639,10.7185,8521700
2008-03-03,10.9223,10.9322,10.5943,10.8428,4705900
2008-03-04,11.0664,11.449,10.803,11.3844,8633700
2008-03-05,11.4341,11.8018,11.3298,11.3347,7808800
2008-03-06,11.295,11.3596,10.7981,10.8229,8036000
2008-03-07,10.8179,11.1012,10.5844,10.808,7848700
2008-03-10,10.7036,10.8825,10.5198,10.5595,5551500
2008-03-11,10.8577,10.9322,10.4651,10.8527,8594800
2008-03-12,10.8527,10.9819,10.7484,10.813,4169300
2008-03-13,10.6738,11.0465,10.5844,10.9968,5507200
2008-03-14,11.0366,11.1807,10.7533,11.0366,7926200
2008-03-17,10.808,10.9223,10.1918,10.5744,5539800
2008-03-18,10.6887,10.8627,10.5496,10.7981,5273600
2008-03-19,10.808,10.8875,10.2415,10.2614,8480800
2008-03-20,10.2365,10.6092,9.97317,10.5744,6443900
2008-03-24,10.6788,11.1161,10.5347,10.9322,6558000
2008-03-25,10.8328,10.8676,10.5247,10.7484,5425500
2008-03-26,10.6092,10.8627,10.5496,10.8428,4664200
2008-03-27,10.5248,10.5496,10.162,10.1719,10147200
2008-03-28,10.2962,10.3359,10.0527,10.0875,6450900
2008-03-31,10.0875,10.475,10.0328,10.4055,7066400
2008-04-01,10.5396,10.8229,10.4751,10.7384,8868800
2008-04-02,10.8279,10.9322,10.649,10.8726,6608700
2008-04-03,10.8776,11.1856,10.798,10.9769,6821400
2008-04-04,10.9372,11.0415,10.7186,10.7434,6570200
2008-04-07,10.7235,10.9769,10.6937,10.803,5826300
2008-04-08,10.6987,10.8825,10.5595,10.5744,6183300
2008-04-09,10.5496,10.6738,10.4353,10.4701,5765600
2008-04-10,10.4353,10.9273,10.3806,10.7484,9104800
2008-04-11,10.4601,10.6639,10.1173,10.2067,9447900
2008-04-14,10.1819,10.2266,9.83403,9.92347,11495000
2008-04-15,10.0825,10.1819,9.79924,10.0229,13432300
2008-04-16,9.76447,9.78434,9.28742,9.47128,31730600
2008-04-17,9.44146,9.93341,9.44146,9.82409,13795800
2008-04-18,9.9036,9.94832,9.54085,9.67998,10799600
2008-04-21,9.68993,10.0328,9.60048,9.91851,7639800
2008-04-22,9.91354,9.93341,9.59054,9.67998,5214500
2008-04-23,9.72967,9.72967,9.50109,9.55078,5549400
2008-04-24,9.59054,9.79428,9.45638,9.74956,5961000
2008-04-25,9.64023,9.71477,9.34208,9.63526,5965200
2008-04-28,9.58557,9.64023,9.41662,9.53588,9115700
2008-04-29,9.57563,9.58557,9.45637,9.54085,4515100
2008-04-30,9.53084,9.61085,9.40583,9.43584,4962300
2008-05-01,9.40083,9.82587,9.40083,9.75086,7752500
2008-05-02,9.67086,9.91588,9.55585,9.72587,4781200
2008-05-05,9.70586,9.92088,9.61585,9.85088,8625400
2008-05-06,9.78587,10.0209,9.78587,9.93588,3896200
2008-05-07,9.99089,10.0809,9.84588,9.92088,5948800
2008-05-08,9.93588,10.2009,9.90088,10.1509,6397600
2008-05-09,10.0109,10.3009,10.0009,10.1159,4536300
2008-05-12,10.1909,10.1909,9.94588,10.0659,3827500
2008-05-13,10.0209,10.1159,9.93588,10.0259,5102000
2008-05-14,10.0809,11.091,10.0459,10.6209,15036700
2008-05-15,10.6259,10.736,10.4709,10.6659,5842700
2008-05-16,10.6209,10.991,10.5659,10.956,5776200
2008-05-19,10.991,10.991,10.3509,10.4209,7441200
2008-05-20,10.4309,10.4809,10.1059,10.2609,5420900
2008-05-21,10.2659,10.5309,10.1259,10.2309,6376300
2008-05-22,10.1659,10.5709,10.1659,10.4459,4948800
2008-05-23,10.2909,10.4959,10.2559,10.3359,2920300
2008-05-27,10.4109,10.4609,10.2609,10.3259,3767200
2008-05-28,10.3859,10.5559,10.2159,10.2809,5941400
2008-05-29,10.3309,10.3709,10.1059,10.3559,5216700
2008-05-30,10.4359,10.896,10.3659,10.7109,10170100
2008-06-02,10.736,10.786,10.5509,10.6559,4105500
2008-06-03,10.6209,10.941,10.5209,10.841,5590600
2008-06-04,10.896,11.006,10.721,10.911,6400700
2008-06-05,10.931,11.131,10.851,11.051,7691600
2008-06-06,10.951,11.391,10.941,11.136,8981900
2008-06-09,11.156,11.236,10.6459,10.846,5073300
2008-06-10,10.721,10.776,10.4359,10.4959,7109300
2008-06-11,10.4809,10.6259,10.0759,10.2559,7330900
2008-06-12,10.2709,10.4109,10.0359,10.1259,5538700
2008-06-13,10.2309,10.3309,10.0609,10.1359,3850500
2008-06-16,10.0109,10.6559,10.0109,10.5109,6715900
2008-06-17,10.5309,10.796,10.4059,10.4059,5110400
2008-06-18,10.4009,10.5409,10.2509,10.3509,4658300
2008-06-19,10.2759,10.5609,10.0709,10.4759,7223500
2008-06-20,10.3709,10.4009,10.0159,10.0909,7382300
2008-06-23,10.1659,10.1659,9.72587,9.91088,8367700
2008-06-24,9.87588,9.98589,9.70586,9.83088,6829700
2008-06-25,9.95588,10.1459,9.83587,10.0209,5624500
2008-06-26,9.92588,9.94088,9.59085,9.75086,7042700
2008-06-27,9.70586,9.81087,9.41083,9.74086,8128700
2008-06-30,9.64586,9.72086,9.45584,9.56585,4255900
2008-07-01,9.55085,9.72586,9.38583,9.71586,5475800
2008-07-02,9.67086,9.77087,9.39583,9.40584,4052000
2008-07-03,9.40583,9.49584,8.91579,8.9708,6181400
2008-07-07,9.0458,9.17081,8.68077,8.78578,10189300
2008-07-08,8.86579,9.0458,8.62577,8.85579,7048500
2008-07-09,8.85078,8.86579,8.46075,8.52076,5924400
2008-07-10,8.59076,8.76578,8.36574,8.51576,6885800
2008-07-11,8.47575,8.64577,8.25073,8.50075,7315000
2008-07-14,8.54076,8.66577,8.45075,8.53576,5395200
2008-07-15,8.44575,8.79078,8.26073,8.65077,9549900
2008-07-16,7.78069,7.80069,7.13563,7.31065,25231100
2008-07-17,7.35065,7.66568,7.23564,7.65568,10830400
2008-07-18,7.69068,7.8307,7.33065,7.42566,6419100
2008-07-21,7.43066,7.58067,7.37565,7.47066,4235500
2008-07-22,7.38565,7.38565,7.17563,7.22564,9845200
2008-07-23,7.27065,7.62568,7.21564,7.57067,10249200
2008-07-24,7.60568,7.62068,7.32565,7.43066,6181800
2008-07-25,7.35565,7.61067,7.35565,7.48566,7652500
2008-07-28,7.54067,7.64568,7.49066,7.49066,4230300
2008-07-29,7.49567,7.67568,7.49067,7.55067,7496000
2008-07-30,7.63636,7.63636,7.46498,7.54563,5150300
2008-07-31,7.32385,7.64644,7.32385,7.54563,5058700
2008-08-01,7.61116,7.61116,7.38434,7.57587,5254700
2008-08-04,7.56579,7.58596,7.38938,7.44986,4091000
2008-08-05,7.4801,7.50026,7.30873,7.42466,4490500
2008-08-06,7.35409,7.62124,7.20792,7.58595,4635500
2008-08-07,7.56075,7.63636,7.40954,7.50531,3846000
2008-08-08,7.44482,7.6162,7.43474,7.56075,4386700
2008-08-11,7.58595,7.91359,7.56075,7.8027,3701300
2008-08-12,7.76237,8.21098,7.76237,8.11017,5647900
2008-08-13,8.05976,8.16561,7.93375,7.94887,6510800
2008-08-14,7.98415,8.19081,7.90351,8.11017,5744200
2008-08-15,8.14041,8.44284,8.12529,8.44284,4883700
2008-08-18,8.44284,8.44284,8.05976,8.12529,4455500
2008-08-19,8.01944,8.14545,7.88838,8.0144,4143900
2008-08-20,8.01439,8.16561,7.98919,8.0396,5394600
2008-08-21,7.97407,8.2765,7.97407,8.24626,5152200
2008-08-22,8.2513,8.26138,8.09,8.18073,4693300
2008-08-25,7.95391,8.18577,7.85814,7.88838,4728400
2008-08-26,7.8531,7.95391,7.79262,7.87327,3277300
2008-08-27,7.81782,8.04464,7.81782,7.90855,4138000
2008-08-28,7.86822,7.98415,7.70188,7.74725,4941200
2008-08-29,7.6162,7.64644,7.46498,7.51539,5884600
2008-09-02,7.60611,7.64644,7.47506,7.54059,5608700
2008-09-03,7.49523,7.65652,7.38938,7.41962,6236100
2008-09-04,7.41458,7.56075,7.34401,7.4297,7487700
2008-09-05,7.45994,7.50026,7.28856,7.42466,4353500
2008-09-08,7.52547,7.52547,7.13231,7.34905,4201900
2008-09-09,7.30873,7.53051,7.09199,7.10207,5192200
2008-09-10,7.1928,7.28352,7.0567,7.23312,4453900
2008-09-11,7.13735,7.18271,6.96597,7.05166,5535900
2008-09-12,7.03654,7.03654,6.80468,6.845,5105800
2008-09-15,6.68874,6.91053,6.58289,6.63834,3859700
2008-09-16,6.43672,6.49721,5.54455,6.09397,8012000
2008-09-17,6.0486,6.23006,5.90243,5.93267,7091700
2008-09-18,5.94275,6.14941,5.80666,6.01332,7246000
2008-09-19,6.29054,6.76939,6.2603,6.47704,9330700
2008-09-22,6.37119,6.48713,6.14437,6.14437,5658000
2008-09-23,6.14941,6.30567,6.05868,6.13429,6353000
2008-09-24,6.30063,6.37623,6.12421,6.2099,5154000
2008-09-25,6.18973,6.4216,6.09901,6.2855,3880200
2008-09-26,6.21494,6.31071,6.15949,6.2603,3666500
2008-09-29,6.14437,6.24518,5.4387,5.91755,6722200
2008-09-30,5.77137,6.15949,5.56975,6.10909,5887600
2008-10-01,6.13429,6.13429,5.68569,5.82178,9972600
2008-10-02,5.72097,5.80666,5.60504,5.6504,5701700
2008-10-03,5.71593,5.8117,5.4387,5.50927,8420500
2008-10-06,5.54455,5.54455,5.21692,5.45382,9001200
2008-10-07,5.45886,5.54455,4.97497,4.99009,9980100
2008-10-08,4.81368,5.12115,4.75823,4.87921,9847800
2008-10-09,4.83888,5.10099,4.63222,4.69775,6770000
2008-10-10,4.4558,4.69775,4.17858,4.36507,11414800
2008-10-13,4.56165,4.72295,4.41044,4.68767,6083600
2008-10-14,4.83888,4.88928,4.4306,4.44068,7363200
2008-10-15,4.44068,4.54149,4.23906,4.25922,6393800
2008-10-16,4.44068,4.51125,4.06769,4.29955,7016800
2008-10-17,4.28443,4.50621,4.20882,4.4306,5628900
2008-10-20,4.50621,4.50621,4.22898,4.29955,3695000
2008-10-21,4.29451,4.29955,4.06264,4.08785,3159900
2008-10-22,4.0576,4.10801,3.89127,4.0324,6150400
2008-10-23,3.72997,3.89631,3.34689,3.55355,10704000
2008-10-24,3.3973,3.61908,3.35193,3.54851,10904900
2008-10-27,3.55355,3.6342,3.36201,3.37209,6684400
2008-10-28,3.43258,3.46786,3.13519,3.33177,9121800
2008-10-29,3.17047,3.3973,3.17047,3.25112,10397400
2008-10-30,3.34185,3.40234,3.17552,3.23096,8661900
2008-10-31,3.29145,3.5838,3.11503,3.41242,15470400
2008-11-03,3.49307,3.64932,3.37714,3.56363,9899800
2008-11-04,3.74005,4.08785,3.70477,3.7955,15831400
2008-11-05,3.79037,3.8416,3.58549,3.59061,10183800
2008-11-06,3.5189,3.60086,3.24231,3.29353,11119000
2008-11-07,3.33963,3.40622,3.24743,3.3806,23948000
2008-11-10,3.46256,3.47793,3.10401,3.17572,9115800
2008-11-11,3.15011,3.21157,2.79668,2.81205,10246600
2008-11-12,2.83766,2.86839,2.45862,2.46374,12883600
2008-11-13,2.43301,2.65326,2.22813,2.57131,12879100
2008-11-14,2.53033,2.66351,2.43301,2.49448,10876100
2008-11-17,2.44838,2.57643,2.3613,2.44326,9415200
2008-11-18,2.53033,2.5457,2.13081,2.21276,10347400
2008-11-19,2.13593,2.25374,1.99763,2.00275,9017300
2008-11-20,1.94641,2.15129,1.88494,1.96178,12045800
2008-11-21,2.00275,2.25886,1.87982,2.25374,13533600
2008-11-24,2.31008,2.4535,2.16666,2.28447,8887100
2008-11-25,2.18203,2.44838,2.17691,2.26398,7946700
2008-11-26,2.36642,2.36642,2.20764,2.31008,8635400
2008-11-28,2.3152,2.3152,2.12056,2.15642,4686300
2008-12-01,2.16154,2.17691,1.97202,1.97202,8367400
2008-12-02,1.98739,2.23837,1.97202,2.20764,14028300
2008-12-03,2.15642,2.34593,2.11544,2.25374,8884700
2008-12-04,2.1769,2.29984,2.14617,2.20252,9017600
2008-12-05,2.13593,2.3152,2.08471,2.3152,9300900
2008-12-08,2.44326,2.66351,2.41252,2.64302,12067600
2008-12-09,2.5457,2.84278,2.52009,2.60716,12301500
2008-12-10,2.56106,2.87351,2.56106,2.81205,12454200
2008-12-11,2.73522,2.76083,2.42277,2.43813,8516100
2008-12-12,2.41764,2.72497,2.35618,2.69936,9274200
2008-12-15,2.68399,2.73009,2.37667,2.43813,8323600
2008-12-16,2.27935,2.50984,2.24861,2.27935,14482200
2008-12-17,2.223,2.50984,2.223,2.44326,14071200
2008-12-18,2.56106,2.56106,2.26398,2.32545,8723000
2008-12-19,2.39716,2.42277,2.2691,2.33057,6138900
2008-12-22,2.31008,2.4074,2.21276,2.25886,5264400
2008-12-23,2.25886,2.3152,2.18715,2.22813,5162200
2008-12-24,2.19227,2.19739,2.09495,2.12056,3176600
2008-12-26,2.12056,2.14617,2.05397,2.13081,3174400
2008-12-29,2.20764,2.23837,2.04373,2.09495,4081800
2008-12-30,2.10007,2.17178,2.05397,2.12056,4326400
2008-12-31,2.10007,2.32032,2.07446,2.2691,5248300
2009-01-02,2.33057,2.63277,2.31008,2.60204,9355100
2009-01-05,2.61741,2.76083,2.54058,2.63277,8915700
2009-01-06,2.71985,3.02206,2.70961,2.96059,13248300
2009-01-07,2.76083,2.86839,2.73009,2.75058,10925400
2009-01-08,2.64302,2.86839,2.61741,2.86839,5103500
2009-01-09,2.894,2.95035,2.71473,2.88888,8476800
2009-01-12,2.84278,2.84278,2.35106,2.43813,21754900
2009-01-13,2.3613,2.46374,2.24861,2.34593,10439100
2009-01-14,2.3613,2.3613,2.16154,2.19739,12343400
2009-01-15,2.21276,2.27423,2.05397,2.21788,11680200
2009-01-16,2.29471,2.30496,2.14105,2.24861,10174400
2009-01-20,2.29471,2.29471,1.97202,1.98739,10049200
2009-01-21,2.04885,2.1769,2.04373,2.1769,6378600
2009-01-22,1.99251,2.01812,1.60323,1.65445,30637400
2009-01-23,1.60323,1.66981,1.52639,1.59298,34796600
2009-01-26,1.60835,1.78762,1.5981,1.75177,27431100
2009-01-27,1.79275,1.89519,1.72616,1.85421,22355300
2009-01-28,1.97202,2.11032,1.91055,2.02324,12289000
2009-01-29,1.99763,2.28959,1.95665,2.06934,20359600
2009-01-30,2.1769,2.21276,1.93104,1.94129,10775800
2009-02-02,1.86958,2.0591,1.8286,2.03348,10416600
2009-02-03,1.9669,2.02836,1.86958,1.96178,9607100
2009-02-04,2.0134,2.30767,2.00308,2.20958,17445200
2009-02-05,2.18893,2.34897,2.11149,2.26637,16163700
2009-02-06,2.29734,2.41608,2.1786,2.32832,16722700
2009-02-09,2.32315,2.34897,2.2199,2.25088,8861100
2009-02-10,2.36446,2.45222,2.09084,2.11665,19198500
2009-02-11,2.2199,2.23539,2.096,2.16828,7614600
2009-02-12,2.11665,2.34897,2.08568,2.31283,10387100
2009-02-13,2.27669,2.31283,2.21474,2.25604,6433500
2009-02-17,2.20958,2.38511,2.17344,2.21474,12870600
2009-02-18,2.3025,2.41608,2.19925,2.29734,10620500
2009-02-19,2.34897,2.38511,2.13214,2.19925,13103800
2009-02-20,2.1373,2.18893,1.91015,2.16312,18865300
2009-02-23,2.1786,2.1786,2.01856,2.07019,9720700
2009-02-24,2.09084,2.09084,1.96694,2.04438,19504800
2009-02-25,2.11665,2.26637,2.08568,2.22507,12892400
2009-02-26,2.19925,2.2612,2.11665,2.11665,7637400
2009-02-27,2.12181,2.24055,2.06503,2.2199,15044400
2009-03-02,2.11665,2.23023,1.87401,1.89982,16256000
2009-03-03,1.96694,2.09084,1.87917,1.94112,10057100
2009-03-04,1.96178,2.06503,1.89466,1.94112,12727200
2009-03-05,1.89466,1.98243,1.74495,1.7656,11936100
2009-03-06,1.81206,1.88434,1.56942,1.60556,14962800
2009-03-09,1.62621,1.72946,1.59523,1.62105,8072800
2009-03-10,1.67783,1.9308,1.67783,1.86369,10463400
2009-03-11,1.89466,1.95145,1.77076,1.92048,11094000
2009-03-12,1.95661,2.04438,1.91015,2.00308,7195100
2009-03-13,2.00824,2.2199,1.98759,2.19925,14125600
2009-03-16,2.20441,2.32315,2.17344,2.2199,12288000
2009-03-17,2.17344,2.32832,2.15279,2.3025,5783400
2009-03-18,2.32315,2.48319,2.27153,2.42641,9077000
2009-03-19,2.40576,2.48836,2.36446,2.40059,6882200
2009-03-20,2.45738,2.46771,2.26637,2.37478,8326800
2009-03-23,2.47287,2.66905,2.44189,2.66388,12508400
2009-03-24,2.58128,2.98913,2.51417,2.98396,28225000
2009-03-25,3.0201,3.15949,2.92718,3.07689,29216900
2009-03-26,3.22144,3.38664,2.95815,3.38664,23248300
2009-03-27,3.19047,3.37632,3.12335,3.144,12375500
2009-03-30,3.00461,3.1027,2.88071,3.05108,13425300
2009-03-31,3.15433,3.20079,3.05624,3.1027,8937000
2009-04-01,2.87039,3.10787,2.84458,3.08722,13729100
2009-04-02,3.14917,3.32469,3.12335,3.20079,12028600
2009-04-03,3.144,3.51055,3.08205,3.47441,14186200
2009-04-06,3.4899,3.51055,3.25758,3.30404,13135600
2009-04-07,3.20079,3.27823,3.14917,3.17498,6666400
2009-04-08,3.07689,3.29888,3.06657,3.27823,8796500
2009-04-09,3.40729,3.50538,3.30921,3.43311,10464000
2009-04-13,3.25242,3.3505,3.03043,3.27307,16267100
2009-04-14,3.19047,3.25242,2.93234,3.12335,14846000
2009-04-15,2.99945,3.11303,2.8962,3.0201,13835800
2009-04-16,3.08205,3.35051,3.05108,3.27823,14255300
2009-04-17,3.25242,3.60347,3.17498,3.52603,14858600
2009-04-20,3.25242,3.46924,3.25242,3.33502,9185100
2009-04-21,3.28855,3.48473,3.25758,3.44343,11757200
2009-04-22,3.39181,3.79449,3.39181,3.69123,23113500
2009-04-23,3.74802,3.74802,3.54668,3.62412,18314500
2009-04-24,3.71705,3.76867,3.55701,3.75835,14603500
2009-04-27,3.67575,3.87192,3.58282,3.62412,13049400
2009-04-28,3.58798,3.69123,3.57766,3.62412,8095400
2009-04-29,3.63961,3.90806,3.63445,3.84095,10543800
2009-04-30,4.0268,4.32107,3.97518,4.21265,19682200
2009-05-01,4.21265,4.45529,4.16103,4.36237,13016600
2009-05-04,4.51725,4.7031,4.50176,4.69277,12887300
2009-05-05,4.68245,4.68245,4.33139,4.36753,16786200
2009-05-06,4.36753,4.46046,4.18684,4.34172,14482100
2009-05-07,4.38818,4.42948,3.89774,3.97518,15354200
2009-05-08,4.12489,4.12489,3.70156,4.02164,16932500
2009-05-11,3.96485,4.04745,3.85644,3.90806,11357900
2009-05-12,3.94936,4.07326,3.6138,3.78932,15147200
2009-05-13,3.74286,3.75835,3.50022,3.60347,19403500
2009-05-14,3.6138,3.79449,3.52603,3.76351,13707100
2009-05-15,3.70156,3.91839,3.6964,3.74286,8781100
2009-05-18,3.70156,3.94936,3.68091,3.93388,8637300
2009-05-19,3.95969,4.29526,3.92355,4.18684,11984400
2009-05-20,4.28493,4.34172,4.03713,4.08359,15830400
2009-05-21,4.03713,4.14554,3.92355,4.13522,10178600
2009-05-22,4.21265,4.40367,4.11973,4.35721,13414800
2009-05-26,4.24363,4.54306,4.2333,4.53273,12889300
2009-05-27,4.54306,4.62566,4.42432,4.42948,12595100
2009-05-28,4.52757,4.56887,4.27977,4.48111,12409300
2009-05-29,4.46046,4.61017,4.41916,4.4966,23409900
2009-06-01,4.64631,4.89928,4.58436,4.88379,13236200
2009-06-02,4.80119,4.80119,4.43981,4.53273,18511900
2009-06-03,4.43464,4.50176,4.29009,4.36753,11261200
2009-06-04,4.37786,4.63598,4.36753,4.61017,9990400
2009-06-05,4.56371,4.64631,4.39851,4.54822,7685900
2009-06-08,4.52757,4.65664,4.39334,4.57403,10070900
2009-06-09,4.67729,4.9509,4.64115,4.88379,12761300
2009-06-10,4.95606,4.98704,4.64115,4.81667,15217200
2009-06-11,4.83216,5.04899,4.827,4.98188,9746000
2009-06-12,4.91476,4.97672,4.78054,4.92509,7349700
2009-06-15,4.89928,4.89928,4.73924,4.82184,8384800
2009-06-16,4.77537,4.9096,4.7031,4.70826,11454800
2009-06-17,4.85281,4.94574,4.71342,4.84765,10065400
2009-06-18,4.84249,4.91476,4.65663,4.78054,10791000
2009-06-19,4.84249,5.0335,4.82184,5.00253,12308800
2009-06-22,4.97155,5.0748,4.85281,4.86314,9948500
2009-06-23,4.79086,4.98188,4.69277,4.95606,17378200
2009-06-24,5.00769,5.1987,4.93541,5.09545,16099200
2009-06-25,5.13675,5.13675,4.8683,4.90444,24517500
2009-06-26,4.97671,5.30712,4.89411,5.30196,22205900
2009-06-29,5.22968,5.37423,5.18322,5.31228,11389100
2009-06-30,5.33809,5.48781,5.30196,5.40004,17993800
2009-07-01,5.35358,5.60138,5.35358,5.47232,10796700
2009-07-02,5.42069,5.42069,5.27614,5.30712,6634200
2009-07-06,5.32261,5.47232,5.09545,5.18838,16179300
2009-07-07,5.17805,5.25033,4.80635,4.90444,24742200
2009-07-08,4.90444,4.96123,4.77537,4.90444,11077400
2009-07-09,4.91476,4.98188,4.7857,4.91992,9163600
2009-07-10,5.00769,5.18838,4.88379,5.16257,18845400
2009-07-13,5.16773,5.36907,4.98704,5.35358,11206800
2009-07-14,5.2813,5.50329,5.26065,5.47748,11796900
2009-07-15,5.59106,5.70464,5.53427,5.61171,13337200
2009-07-16,5.61171,5.78207,5.57557,5.63752,12018600
2009-07-17,5.63752,5.78724,5.5859,5.75626,10185700
2009-07-20,5.80273,5.85435,5.61171,5.69947,11840700
2009-07-21,5.69948,5.79756,5.53427,5.78208,14016800
2009-07-22,6.02471,6.32414,5.83886,6.11764,31871900
2009-07-23,6.13313,6.27252,5.98341,6.01955,18534900
2009-07-24,5.90081,5.97825,5.82338,5.95244,14599900
2009-07-27,6.00406,6.32414,5.96793,6.30866,13372900
2009-07-28,6.31382,6.58744,6.30866,6.51,17526100
2009-07-29,6.37061,6.4274,6.17443,6.25187,14061100
2009-07-30,6.39126,6.41191,6.27768,6.30349,13182000
2009-07-31,6.36544,6.37061,6.19508,6.21573,8552800
2009-08-03,6.27768,6.40674,6.27252,6.36544,9839600
2009-08-04,6.27252,6.39126,6.27252,6.32931,11930300
2009-08-05,6.30349,6.34996,6.06085,6.17959,14173100
2009-08-06,6.17959,6.26735,6.03504,6.11248,10945700
2009-08-07,6.29833,6.44288,6.14346,6.38093,10794600
2009-08-10,6.31898,6.38609,6.19508,6.23638,6240200
2009-08-11,6.23122,6.30866,6.09699,6.26736,7038900
2009-08-12,6.21573,6.52032,6.19508,6.45321,10574200
2009-08-13,6.52548,6.55646,6.34479,6.4687,9109800
2009-08-14,6.4274,6.44288,6.19508,6.29833,7853200
2009-08-17,6.19508,6.19508,5.96793,6.0815,9223500
2009-08-18,6.09183,6.28801,6.07634,6.26736,8312700
2009-08-19,6.07634,6.33963,6.05053,6.30866,8904200
2009-08-20,6.32414,6.37577,6.23122,6.34996,4968200
2009-08-21,6.44288,6.53581,6.34479,6.52032,5560400
2009-08-24,6.57711,6.59776,6.30349,6.33963,6910200
2009-08-25,6.33963,6.46353,6.30349,6.37061,5688700
2009-08-26,6.3861,6.3861,6.16927,6.26219,9743600
2009-08-27,6.35512,7.04174,6.33447,7.01593,26277800
2009-08-28,7.18629,7.33085,7.10886,7.23792,13801700
2009-08-31,7.0469,7.19146,6.95398,7.15016,6228700
2009-09-01,7.09336,7.38247,6.85589,6.91784,11448900
2009-09-02,6.85589,6.96946,6.7578,6.77328,7493300
2009-09-03,6.83007,6.90751,6.77845,6.83524,11006800
2009-09-04,6.81459,7.18113,6.80942,7.06239,11377500
2009-09-08,7.22243,7.66125,7.15015,7.62511,16346000
2009-09-09,7.6406,7.77483,7.53735,7.70771,12280200
2009-09-10,7.71287,7.86259,7.61478,7.71804,12114800
2009-09-11,7.72836,7.76966,7.5993,7.67674,10658100
2009-09-14,7.58897,7.79548,7.55284,7.78515,8919400
2009-09-15,7.79031,8.07426,7.77999,7.93487,10323900
2009-09-16,7.9297,8.02779,7.88324,7.93487,7085000
2009-09-17,7.95035,7.98133,7.59414,7.73869,10984900
2009-09-18,7.73869,7.91938,7.65608,7.87808,9265500
2009-09-21,7.9297,7.99165,7.74385,7.97616,8263600
2009-09-22,8.07942,8.15685,7.95551,8.0949,8712300
2009-09-23,8.32722,8.34271,7.97101,7.98133,20374200
2009-09-24,8.00198,8.07942,7.7645,7.83678,10464000
2009-09-25,7.90905,7.90905,7.5993,7.69222,13589400
2009-09-28,7.77999,8.10523,7.75934,8.00198,7066400
2009-09-29,8.01747,8.05877,7.79548,7.82645,8704100
2009-09-30,7.8884,8.07426,7.74385,7.85227,8738300
2009-10-01,7.87291,7.90905,7.47539,7.49088,18577300
2009-10-02,7.36698,7.57865,7.31536,7.43409,13798200
2009-10-05,7.48056,7.74901,7.40312,7.72836,9380700
2009-10-06,7.73353,7.90389,7.65609,7.78515,15035000
2009-10-07,7.79031,7.89356,7.51669,7.56832,11701700
2009-10-08,7.73352,7.7645,7.558,7.65092,12048100
2009-10-09,7.63028,8.00714,7.61479,7.98133,10353900
2009-10-12,8.46145,8.46661,8.07942,8.1775,13361900
2009-10-13,8.22397,8.28076,8.01746,8.07425,8232900
2009-10-14,8.26527,8.38917,8.22913,8.3169,13660200
2009-10-15,8.20332,8.25494,7.88324,8.02263,10946800
2009-10-16,8.0123,8.0123,7.70255,7.88324,11589300
2009-10-19,7.95035,8.07942,7.81096,8.02779,9495500
2009-10-20,8.0536,8.21364,7.98133,8.02779,13341500
2009-10-21,7.8471,7.99165,7.33601,7.84194,26622700
2009-10-22,7.79548,8.24978,7.77999,8.21881,18320400
2009-10-23,8.32206,8.32206,8.08458,8.12072,14369800
2009-10-26,8.24462,8.51823,8.12588,8.16718,10868900
2009-10-27,8.17234,8.24978,7.90389,7.90905,8128600
2009-10-28,7.87808,7.90389,7.40312,7.45475,14264300
2009-10-29,7.62511,7.66125,7.40312,7.52702,13944600
2009-10-30,7.49088,7.57348,7.11402,7.20178,14099700
2009-11-02,7.2276,7.41345,7.17597,7.3102,9465500
2009-11-03,7.24308,7.40828,7.12951,7.40312,12391400
2009-11-04,7.38247,7.81613,7.36698,7.5993,16225400
2009-11-05,7.7232,8.00714,7.7232,7.93487,10418500
2009-11-06,7.86775,8.0123,7.8058,7.90389,6496900
2009-11-09,7.97617,8.17751,7.95035,8.12588,6013700
2009-11-10,8.06909,8.26011,8.05877,8.21881,7884200
2009-11-11,8.23429,8.42015,8.22397,8.41498,9332600
2009-11-12,8.42531,8.79185,8.41498,8.67311,20111800
2009-11-13,8.70925,8.72473,8.54404,8.63181,8340100
2009-11-16,8.6473,8.80733,8.63697,8.78152,9744600
2009-11-17,8.69892,8.8951,8.58018,8.86929,12775000
2009-11-18,8.52856,8.57502,8.36852,8.50274,13470500
2009-11-19,8.34787,8.56986,8.22397,8.28592,9454100
2009-11-20,8.16718,8.26011,8.00714,8.04844,10166600
2009-11-23,8.18783,8.37885,8.15686,8.21881,9164800
2009-11-24,8.2756,8.2756,8.05877,8.08974,6249900
2009-11-25,8.1362,8.24978,8.0123,8.20332,8269600
2009-11-27,8.0123,8.07941,7.90905,8.02263,4101600
2009-11-30,8.00198,8.02263,7.74385,7.81096,8216800
2009-12-01,7.95552,8.21364,7.81096,8.12588,8698000
2009-12-02,8.14137,8.54405,8.12588,8.50791,15599800
2009-12-03,8.51824,8.62149,8.34271,8.4408,9672300
2009-12-04,8.71957,8.83831,8.34271,8.61632,12827300
2009-12-07,8.56986,8.76604,8.5647,8.58019,6184200
2009-12-08,8.49242,8.63181,8.4408,8.46145,5646900
2009-12-09,8.43563,8.6473,8.31689,8.62665,6300900
2009-12-10,8.64214,8.6886,8.50791,8.5234,8940000
2009-12-11,8.55953,8.61116,8.36336,8.4821,5672700
2009-12-14,8.47177,8.61632,8.42015,8.55437,4614900
2009-12-15,8.51824,8.56986,8.3995,8.46661,4423200
2009-12-16,8.54404,8.96738,8.54404,8.91059,13206300
2009-12-17,8.8538,8.99836,8.74023,8.91575,9060200
2009-12-18,8.96221,9.01384,8.79185,9.01384,10122700
2009-12-21,9.20486,9.23067,9.04998,9.12742,10066500
2009-12-22,9.15839,9.22034,9.09128,9.20485,7103800
2009-12-23,9.29262,9.31843,9.23583,9.26681,5651400
2009-12-24,9.29262,9.34941,9.25648,9.32876,1995200
2009-12-28,9.38554,9.47331,9.17388,9.27713,4939700
2009-12-29,9.2823,9.28746,9.01384,9.19453,7119700
2009-12-30,9.21002,9.5301,9.17388,9.51977,9471900
2009-12-31,9.51461,9.59721,9.39071,9.39071,6022500
2010-01-04,9.58688,9.79339,9.49912,9.75209,11116900
2010-01-05,9.7366,9.82953,9.51461,9.56107,14536200
2010-01-06,9.51461,9.62302,9.4062,9.49396,7171200
2010-01-07,9.49912,9.50428,9.26164,9.31327,8556300
2010-01-08,9.07579,9.33392,9.02416,9.23583,11329000
2010-01-11,9.42685,9.62819,9.40619,9.47331,11497500
2010-01-12,9.43201,9.51977,9.07063,9.14807,11522800
2010-01-13,9.26681,9.44749,9.08095,9.39071,8800200
2010-01-14,9.37522,9.54558,9.29778,9.46815,6398700
2010-01-15,9.45266,9.60237,9.04998,9.17388,13716200
2010-01-19,9.23067,9.43201,9.17388,9.37522,7802900
2010-01-20,9.37006,9.38555,9.01384,9.16872,16283900
2010-01-21,10.2425,10.48,9.98441,10.0618,35144100
2010-01-22,9.99989,10.129,9.43201,9.49912,20111600
2010-01-25,9.70047,9.83985,9.59721,9.76758,15582000
2010-01-26,9.75209,10.129,9.68497,9.96891,16018200
2010-01-27,9.92246,10.0309,9.64368,9.85018,15416200
2010-01-28,9.90697,9.95343,9.3649,9.47848,14128500
2010-01-29,9.47331,9.55591,8.50275,8.62665,28653200
2010-02-01,8.8951,9.28229,8.80734,9.24099,18205800
2010-02-02,9.23067,9.60237,9.17904,9.59205,17569900
2010-02-03,9.48363,9.74176,9.42684,9.72627,16905200
2010-02-04,9.38038,9.54042,9.17904,9.30294,21505800
2010-02-05,9.34424,9.3907,9.019,9.30294,23836800
2010-02-08,9.31843,9.67465,9.21002,9.38555,14937100
2010-02-09,9.58173,9.67465,9.4062,9.46299,12415000
2010-02-10,9.47847,9.63335,9.38038,9.54042,9770100
2010-02-11,9.54559,9.72111,9.39071,9.68498,8142000
2010-02-12,9.57656,9.74176,9.37006,9.654,11482500
2010-02-16,9.70562,10.2425,9.70562,10.1857,19036400
2010-02-17,10.2942,10.3509,10.0928,10.3251,13328300
2010-02-18,10.2632,10.7433,10.1806,10.702,17442500
2010-02-19,10.6091,10.8104,10.5316,10.5884,15071300
2010-02-22,10.5987,10.7743,10.5213,10.702,10665100
2010-02-23,10.6555,10.6968,10.3406,10.4955,11630800
2010-02-24,10.5213,10.702,10.0154,10.067,27780900
2010-02-25,9.89148,10.0877,9.60754,10.0618,28118900
2010-02-26,10.1548,10.3251,10.0154,10.2787,9090300
2010-03-01,10.3768,11.0737,10.3251,11.0221,20620200
2010-03-02,11.0995,11.1408,10.7949,10.8465,13412000
2010-03-03,10.7123,10.7588,10.1238,10.1341,25207200
2010-03-04,10.227,10.2322,9.88115,10.1857,15528100
2010-03-05,10.2425,10.3768,10.0722,10.2838,10340300
2010-03-08,10.4232,10.449,10.1393,10.2683,9933400
2010-03-09,10.2632,10.3974,10.067,10.1186,12782500
2010-03-10,10.1806,10.2735,9.80888,9.89664,25708800
2010-03-11,9.70562,9.94826,9.49396,9.92761,26402500
2010-03-12,9.98957,9.98957,9.73144,9.94827,14388000
2010-03-15,9.88115,9.89148,9.59205,9.6953,11815100
2010-03-16,9.79855,9.93794,9.63851,9.87599,11810000
2010-03-17,9.91729,10.1135,9.8192,9.97408,11421100
2010-03-18,10.0205,10.0773,9.91213,9.97408,6879500
2010-03-19,10.0154,10.0515,9.69014,9.77274,12289900
2010-03-22,9.70046,10.2942,9.63851,10.1754,15350900
2010-03-23,10.2012,10.6401,10.1651,10.5575,20338400
2010-03-24,10.4542,10.48,10.3251,10.3406,10619300
2010-03-25,10.4129,10.4645,10.129,10.129,10167400
2010-03-26,9.91729,9.99473,9.70562,9.77274,21547800
2010-03-29,9.87083,10.0051,9.72111,9.75725,10719000
2010-03-30,9.72111,9.77274,9.35973,9.38038,25804100
2010-03-31,9.27713,9.60754,9.23067,9.42685,12664100
2010-04-01,9.56107,9.60237,9.23067,9.34941,11090900
2010-04-05,9.45782,9.60237,9.38555,9.54042,14810100
2010-04-06,9.50428,9.92761,9.44749,9.83985,15020600
2010-04-07,9.72627,9.80887,9.51977,9.73144,15168200
2010-04-08,9.72628,9.74176,9.49396,9.64367,9454200
2010-04-09,9.72111,9.89664,9.64884,9.88115,7965900
2010-04-12,9.86051,10.0412,9.82437,9.85018,10932500
2010-04-13,9.74692,9.88115,9.45782,9.4888,21400400
2010-04-14,9.60238,10.1083,9.59205,9.94827,25927400
2010-04-15,9.86567,10.2787,9.85018,10.1651,13541700
2010-04-16,10.1135,10.2993,9.8192,9.93794,14669500
2010-04-19,9.80887,9.8605,9.59205,9.85534,11932900
2010-04-20,9.93278,10.036,9.72628,9.97924,13691300
2010-04-21,10.3613,10.4903,9.96375,10.0877,28733300
2010-04-22,10.0154,10.258,9.82437,10.1651,11872000
2010-04-23,10.2322,10.7898,10.2322,10.7226,24285900
2010-04-26,10.7433,10.7536,10.4645,10.5626,10002200
2010-04-27,10.4439,10.4955,10.0773,10.1341,15216000
2010-04-28,10.1806,10.2425,9.86566,10.0515,16226500
2010-04-29,10.0464,10.0877,9.79855,9.88115,18822600
2010-04-30,9.9018,9.91729,9.4475,9.47331,15765500
2010-05-03,9.5714,9.89148,9.55591,9.78306,14079600
2010-05-04,9.76758,9.78306,9.48363,9.75725,18722100
2010-05-05,9.63335,9.82437,9.3649,9.47848,23427400
2010-05-06,9.41136,9.63851,8.26527,9.21518,28243000
2010-05-07,9.16872,9.46298,8.8951,9.16356,27272200
2010-05-10,9.5714,9.70563,9.4475,9.54042,15719900
2010-05-11,9.49912,9.7366,9.41652,9.49912,12584800
2010-05-12,9.50945,9.8605,9.50945,9.80371,10215300
2010-05-13,9.70046,9.91212,9.49912,9.56623,11340100
2010-05-14,9.42168,9.45782,9.15323,9.2823,12244100
2010-05-17,9.35457,9.53526,8.99835,9.21002,15089400
2010-05-18,9.30294,9.36489,8.6473,8.80734,25750900
2010-05-19,8.77636,8.99319,8.49242,8.58019,23430600
2010-05-20,8.31689,8.53888,8.17234,8.31173,18181500
2010-05-21,8.24462,9.02417,8.07425,8.4408,19087900
2010-05-24,8.34787,8.51307,8.29108,8.33238,11175200
2010-05-25,7.99682,8.04844,7.70255,8.0123,31640500
2010-05-26,8.14653,8.28076,7.6406,7.67157,26563700
2010-05-27,7.93486,8.19816,7.67157,8.0949,20741300
2010-05-28,8.08974,8.09491,7.77483,7.9297,13729100
2010-06-01,7.85227,7.98133,7.45475,7.46508,18220800
2010-06-02,7.50637,7.96584,7.50637,7.94003,17530400
2010-06-03,7.95551,8.28076,7.85742,8.22913,21297100
2010-06-04,7.96067,8.14136,7.76966,7.82128,13224900
2010-06-07,7.81096,7.8884,7.48572,7.49604,13745600
2010-06-08,7.42377,7.66641,7.32568,7.43926,18049200
2010-06-09,7.51153,7.79547,7.45991,7.48056,18944900
2010-06-10,7.6819,7.71804,7.48572,7.6819,11341200
2010-06-11,7.63027,7.74385,7.46507,7.61478,14204800
2010-06-14,7.74385,7.90389,7.65092,7.69222,12525500
2010-06-15,7.86775,8.08458,7.75934,8.06393,11074900
2010-06-16,8.03812,8.11039,7.91938,7.98649,8879600
2010-06-17,8.01747,8.06909,7.87291,8.01747,7557800
2010-06-18,8.00714,8.03295,7.86775,7.92454,8109100
2010-06-21,8.03295,8.06909,7.56832,7.67674,12772300
2010-06-22,7.70771,7.74385,7.43926,7.45991,10019400
2010-06-23,7.43926,7.53218,7.34633,7.38763,13071000
2010-06-24,7.33601,7.35149,6.87137,7.05206,22789000
2010-06-25,7.07272,7.19662,6.92816,7.06239,16681800
2010-06-28,7.23276,7.35149,7.15016,7.16564,13067000
2010-06-29,7.02109,7.12434,6.86105,6.90751,15202500
2010-06-30,6.91784,7.03141,6.71134,6.73199,10643800
2010-07-01,6.71134,6.95398,6.5513,6.86105,16280400
2010-07-02,6.97979,6.98495,6.73715,6.7991,7621200
2010-07-06,6.88686,7.01593,6.45321,6.58227,17837100
2010-07-07,6.87654,7.02109,6.70101,6.94881,12131000
2010-07-08,7.0056,7.12951,6.89719,7.06755,12346300
2010-07-09,7.09853,7.14499,7.01076,7.1295,6378800
2010-07-12,7.17597,7.38763,7.16564,7.26373,11352400
2010-07-13,7.3928,7.53735,7.20695,7.46508,11722600
2010-07-14,7.64576,7.8884,7.60962,7.73352,20972800
2010-07-15,7.70255,7.73869,7.48572,7.62511,12874100
2010-07-16,7.63028,7.72836,7.26373,7.3102,9453000
2010-07-19,7.31019,7.44958,7.21211,7.36698,6073800
2010-07-20,7.19145,7.5167,7.0882,7.50121,14726500
2010-07-21,7.54251,7.56316,6.7165,6.78362,43121200
2010-07-22,6.79394,6.97463,6.7165,6.80426,15607600
2010-07-23,6.77845,6.81459,6.54097,6.60292,26418700
2010-07-26,6.60809,6.89719,6.56678,6.87138,17461000
2010-07-27,6.86621,6.99528,6.75264,6.83007,14705100
2010-07-28,6.77845,6.85589,6.58227,6.62873,10250100
2010-07-29,6.70617,6.70617,6.39125,6.50483,12129400
2010-07-30,6.4274,6.55646,6.33963,6.47902,9686000
2010-08-02,6.6339,6.73198,6.50483,6.6752,7746500
2010-08-03,6.67004,6.67004,6.42739,6.43772,12469800
2010-08-04,6.42223,6.50484,6.28801,6.47902,10880500
2010-08-05,6.40158,6.57711,6.40158,6.45321,5987900
2010-08-06,6.41707,6.42223,6.28284,6.30349,19607800
2010-08-09,6.30349,6.36544,6.10215,6.12797,19702300
2010-08-10,5.9989,6.0402,5.65817,5.73045,30586000
2010-08-11,5.54976,5.93179,5.5033,5.82338,30970200
2010-08-12,5.67882,5.82854,5.60139,5.67366,17926500
2010-08-13,5.67882,5.80272,5.67882,5.77175,15279700
2010-08-16,5.68398,5.91114,5.67882,5.79756,13837300
2010-08-17,5.83886,5.91114,5.68399,5.68399,12410300
2010-08-18,5.67882,5.91114,5.64785,5.81821,14868100
2010-08-19,5.85435,5.93179,5.7098,5.73045,11976600
2010-08-20,5.78724,5.83886,5.63752,5.67366,15925500
2010-08-23,5.74077,5.75626,5.59622,5.60655,10005800
2010-08-24,5.53943,5.54976,5.34326,5.35358,14050600
2010-08-25,5.33293,5.5033,5.1574,5.44651,10253600
2010-08-26,5.47748,5.47748,5.22452,5.23484,14822900
2010-08-27,5.2813,5.53427,5.07997,5.48781,16249300
2010-08-30,5.49297,5.59622,5.43102,5.46199,8835300
2010-08-31,5.40521,5.41553,5.21936,5.23484,12545600
2010-09-01,5.37423,5.78207,5.36907,5.5446,11776600
2010-09-02,5.59106,5.67366,5.40521,5.67366,11290900
2010-09-03,5.77691,5.875,5.67366,5.77175,8511800
2010-09-07,5.71496,5.7511,5.58589,5.59622,8552500
2010-09-08,5.51878,5.74077,5.36391,5.69947,18083800
2010-09-09,5.74594,5.78724,5.67882,5.69431,9884200
2010-09-10,5.69947,5.70463,5.46715,5.54976,11052400
2010-09-13,5.60139,5.82338,5.60139,5.80273,12736100
2010-09-14,5.75626,5.88532,5.6272,5.73561,14945900
2010-09-15,5.73045,5.93695,5.67882,5.88016,13337700
2010-09-16,5.85951,5.86984,5.7511,5.8337,10312100
2010-09-17,5.85435,5.9163,5.70464,5.76142,11729500
2010-09-20,5.77691,5.84403,5.63752,5.82854,10945900
2010-09-21,5.82338,6.18992,5.59622,5.90081,41211800
2010-09-22,5.78208,5.85952,5.57557,5.73045,19018200
2010-09-23,5.65817,5.82854,5.63752,5.72529,12802200
2010-09-24,5.7924,6.01439,5.78207,5.9989,17772700
2010-09-27,6.0402,6.0402,5.875,5.96276,8598100
2010-09-28,5.97825,6.0402,5.81305,6.03504,13482400
2010-09-29,5.97825,6.25703,5.97825,6.20024,16284300
2010-09-30,6.23122,6.25703,6.00407,6.0815,16269500
2010-10-01,6.1641,6.1641,5.98341,6.03504,10705600
2010-10-04,6.00406,6.02471,5.8337,5.92662,10609500
2010-10-05,6.02988,6.16927,5.82854,6.15894,19281000
2010-10-06,6.09183,6.15378,5.89565,5.93179,20768600
2010-10-07,6.01955,6.15894,5.875,6.12797,16009100
2010-10-08,6.27768,6.40675,6.15378,6.29833,20065400
2010-10-11,6.43772,6.44805,6.29317,6.34996,12484300
2010-10-12,6.42223,6.51516,6.26219,6.48418,16318200
2010-10-13,6.54613,6.70617,6.47902,6.58227,14547900
2010-10-14,6.54613,6.63906,6.45837,6.55129,19295700
2010-10-15,7.7645,8.06393,7.48572,8.00714,85933700
2010-10-18,8.38401,8.43047,8.08458,8.21881,40101600
2010-10-19,8.04328,8.08974,7.85226,7.87291,26065500
2010-10-20,7.88324,8.01231,7.81097,7.85227,22041500
2010-10-21,7.83161,7.98649,7.65609,7.86259,24145900
2010-10-22,7.82645,7.90389,7.73353,7.83678,11849800
2010-10-25,7.85743,7.93487,7.63027,7.64576,18410200
2010-10-26,7.62511,7.98133,7.60962,7.91938,16891100
2010-10-27,7.8471,7.94003,7.81096,7.85743,10359300
2010-10-28,7.86775,7.88324,6.8817,7.19662,55541500
2010-10-29,7.32568,7.74385,7.28438,7.59413,25660500
2010-11-01,7.65092,7.69739,7.49088,7.51153,9692700
2010-11-02,7.56316,7.66641,7.48572,7.63544,7397300
2010-11-03,7.61479,7.63027,7.48572,7.57865,8921900
2010-11-04,7.60446,7.73352,7.58897,7.70255,7191300
2010-11-05,7.68706,7.90905,7.61479,7.90905,8504100
2010-11-08,7.81096,7.86775,7.71287,7.77482,6282700
2010-11-09,7.79548,7.80064,7.50637,7.558,9155600
2010-11-10,7.57865,7.58897,7.36698,7.44442,7409500
2010-11-11,7.35666,7.63027,7.22759,7.44442,10400100
2010-11-12,7.35149,7.43409,7.24824,7.27406,16132700
2010-11-15,7.33601,7.41344,7.24824,7.25341,14307500
2010-11-16,7.21211,7.32052,7.12434,7.15016,12954900
2010-11-17,7.15016,7.30503,7.15016,7.19662,9607400
2010-11-18,7.28954,7.37214,7.23276,7.34117,15156800
2010-11-19,7.4341,7.77999,7.42893,7.70771,25277900
2010-11-22,7.63027,7.63544,7.31019,7.40312,21868900
2010-11-23,7.43409,7.44958,7.12434,7.1295,16942800
2010-11-24,7.26373,7.35149,7.21211,7.26373,8166600
2010-11-26,7.2121,7.30503,7.16048,7.1708,4815600
2010-11-29,7.11402,7.20178,7.01076,7.15532,12079900
2010-11-30,6.84556,6.98495,6.78877,6.923,41715000
2010-12-01,7.02109,7.26889,7.01076,7.18629,19969700
2010-12-02,7.24308,7.70255,7.23276,7.50121,25637400
2010-12-03,7.45991,7.74385,7.42893,7.73352,11530000
2010-12-06,7.75417,7.7645,7.62511,7.66641,6736500
2010-12-07,7.89356,7.91421,7.76966,7.82645,13360500
2010-12-08,7.8471,7.8471,7.61995,7.77999,8670100
2010-12-09,7.83161,7.87808,7.74385,7.81613,6820400
2010-12-10,7.82645,7.91938,7.81612,7.87808,6319100
2010-12-13,7.89356,7.90905,7.7232,7.74901,5954200
2010-12-14,7.75934,7.75934,7.54767,7.59413,7655400
2010-12-15,7.54767,7.60962,7.43409,7.49088,13602000
2010-12-16,7.49088,7.65609,7.49088,7.53218,8194500
2010-12-17,7.51153,7.61478,7.49088,7.58897,12387000
2010-12-20,7.61478,7.69222,7.56316,7.58381,8670300
2010-12-21,7.61479,7.70255,7.61479,7.61995,5532500
2010-12-22,7.60962,7.69222,7.60446,7.66641,4341300
2010-12-23,7.62511,7.67674,7.61995,7.6406,2718000
2010-12-27,7.62511,7.8471,7.5993,7.75934,6828500
2010-12-28,7.76966,7.94519,7.76966,7.86259,7957000
2010-12-29,7.86259,7.91938,7.72836,7.77999,3520500
2010-12-30,7.75417,7.77999,7.66641,7.74385,3081500
2010-12-31,7.70771,7.75934,7.61995,7.75934,2598700
2011-01-03,7.8471,7.91421,7.69222,7.72836,7036900
2011-01-04,7.75418,7.80064,7.53219,7.63027,7352400
2011-01-05,7.59413,7.7232,7.54767,7.58897,9186400
2011-01-06,7.60446,7.62511,7.36182,7.61478,13305400
2011-01-07,7.61478,7.61995,7.44958,7.47023,5912400
2011-01-10,7.43926,7.45991,7.33601,7.39279,9445800
2011-01-11,7.40828,7.46507,7.26889,7.28954,7595200
2011-01-12,7.34117,7.42893,7.26373,7.33085,6110300
2011-01-13,7.32568,7.34633,7.21727,7.26889,6194400
2011-01-14,7.28438,7.43926,7.25341,7.36182,8280700
2011-01-18,7.36182,7.54251,7.36182,7.52702,8611100
2011-01-19,7.52186,7.6406,7.22759,7.29471,14396200
2011-01-20,6.99011,6.99528,6.65971,6.87138,31653200
2011-01-21,6.91267,6.93333,6.77845,6.85589,12392200
2011-01-24,6.8404,7.04691,6.8404,6.97979,12549400
2011-01-25,6.93849,6.97979,6.85073,6.96947,9062600
2011-01-26,7.15016,7.22759,6.97979,7.06755,21043400
2011-01-27,7.06239,7.29471,7.04691,7.2276,11210800
2011-01-28,7.25857,7.32568,6.94365,7.12434,12904800
2011-01-31,7.13983,7.23276,6.96947,7.2276,11289200
2011-02-01,7.26373,7.31536,7.16564,7.20178,13071100
2011-02-02,7.17597,7.45475,7.17597,7.36182,10753800
2011-02-03,7.30503,7.38247,7.22759,7.34633,5254500
2011-02-04,7.33601,7.45991,7.29471,7.39796,8457500
2011-02-07,7.39796,7.48056,7.37215,7.42377,5090600
2011-02-08,7.4341,7.53219,7.38763,7.45475,7553500
2011-02-09,7.43926,7.50637,7.34633,7.44442,5978800
2011-02-10,7.39796,7.45991,7.36698,7.42893,5040000
2011-02-11,7.36182,7.43926,7.34633,7.42893,5345500
2011-02-14,7.40828,7.56832,7.36698,7.37731,6053100
2011-02-15,7.36698,7.46507,7.28438,7.34117,6632400
2011-02-16,7.35666,7.37215,7.0882,7.16564,12388000
2011-02-17,7.15532,7.19145,7.01593,7.15532,7833800
2011-02-18,7.12951,7.15532,6.95398,7.08304,8299000
2011-02-22,6.97463,7.03141,6.7578,6.8404,9425700
2011-02-23,6.81459,6.8404,6.44288,6.56678,19631800
2011-02-24,6.55646,6.61325,6.50483,6.57711,11382500
2011-02-25,6.60809,6.75264,6.60292,6.62357,11279900
2011-02-28,6.34996,6.60809,6.32931,6.55646,12235100
2011-03-01,6.51516,6.53065,6.32931,6.3448,14247300
2011-03-02,6.32931,6.54613,6.32931,6.4687,10725900
2011-03-03,6.55646,6.68552,6.50483,6.53064,9843300
2011-03-04,6.50999,6.53581,6.37577,6.42223,7241100
2011-03-07,7.18113,7.32568,6.93849,7.00044,44749500
2011-03-08,6.95398,7.23792,6.87654,7.20178,14498900
2011-03-09,7.16048,7.23792,7.01593,7.06755,15736400
2011-03-10,6.98495,7.04174,6.91268,6.95914,9916300
2011-03-11,6.91784,7.10885,6.90751,6.99011,12423800
2011-03-14,6.94365,7.03142,6.78361,6.78878,7914200
2011-03-15,6.58227,6.78878,6.48935,6.7165,10900500
2011-03-16,6.70617,6.91784,6.56162,6.63906,12062300
2011-03-17,6.75264,6.9643,6.60808,6.83007,14433000
2011-03-18,6.77329,6.91784,6.71133,6.80942,11630000
2011-03-21,6.85073,6.99012,6.81459,6.96947,10079600
2011-03-22,6.96946,7.03658,6.91784,6.94881,6699100
2011-03-23,6.93332,7.07271,6.89718,7.02625,6668100
2011-03-24,7.05723,7.35666,7.01077,7.32568,12072500
2011-03-25,7.36182,7.49605,7.25857,7.44442,12710600
2011-03-28,7.49605,7.57348,7.37731,7.38763,7618200
2011-03-29,7.39279,7.39796,7.27405,7.37214,4663900
2011-03-30,7.38247,7.61478,7.36182,7.59413,9378800
2011-03-31,7.58897,7.59413,7.37731,7.43926,9788100
2011-04-01,7.49605,7.74385,7.35666,7.71287,14953600
2011-04-04,7.70255,7.71287,7.46507,7.53218,7691600
2011-04-05,7.5167,7.66641,7.49089,7.57349,6808800
2011-04-06,7.67158,7.74385,7.54767,7.61995,6725000
2011-04-07,7.59929,7.67673,7.53218,7.58381,6604200
2011-04-08,8.18783,8.41498,8.07425,8.1775,45007800
2011-04-11,8.20848,8.23946,8.08458,8.12588,12535500
2011-04-12,8.07942,8.32206,7.93486,8.31173,16587200
2011-04-13,8.3995,8.49758,8.34787,8.4821,15845100
2011-04-14,8.48726,8.8538,8.45112,8.82282,24930400
2011-04-15,8.83831,9.10676,8.79185,9.10676,21006100
2011-04-18,8.9777,9.28746,8.91575,9.21002,21877800
2011-04-19,9.30295,9.41136,8.81767,9.25648,32516400
2011-04-20,9.33908,9.44233,9.28746,9.40619,13501500
2011-04-21,9.24099,9.39071,9.21002,9.37006,12508800
2011-04-25,9.29262,9.40619,9.24099,9.39587,15046700
2011-04-26,9.41136,9.47331,9.35457,9.36489,12800000
2011-04-27,9.3649,9.37006,9.07063,9.27197,13857000
2011-04-28,9.21982,9.3554,9.08423,9.2824,10700000
2011-04-29,9.27197,9.29804,9.04252,9.18853,8662700
2011-05-02,9.20939,9.33455,9.11031,9.1416,8119500
2011-05-03,9.19374,9.2146,8.94343,8.95908,11997200
2011-05-04,9.02166,9.10509,8.7192,9.02687,11680300
2011-05-05,8.97472,9.08945,8.88607,8.91736,9100000
2011-05-06,9.0008,9.1781,8.94865,9.0373,6510200
2011-05-09,9.01123,9.21982,8.96951,9.0738,6763600
2011-05-10,9.1051,9.3189,9.06859,9.25633,8504200
2011-05-11,9.23025,9.28761,9.01123,9.08945,6300000
2011-05-12,9.1416,9.17288,8.94865,8.96429,7600000
2011-05-13,8.97472,8.98515,8.85478,8.93822,5686000
2011-05-16,8.92258,8.96951,8.67748,8.70877,8020500
2011-05-17,8.72963,8.7922,8.52625,8.66183,8368000
2011-05-18,8.6514,8.89129,8.63054,8.7922,6382700
2011-05-19,8.82349,8.82349,8.54711,8.64097,7262000
2011-05-20,8.63576,8.87043,8.62012,8.82871,8007100
2011-05-23,8.64097,8.82349,8.63576,8.74006,5400000
2011-05-24,8.74006,8.96429,8.70877,8.82349,6023200
2011-05-25,8.76613,8.78177,8.62011,8.74006,8709500
2011-05-26,8.73484,8.73484,8.67226,8.69834,7876400
2011-05-27,8.70877,8.77135,8.5784,8.58361,14038100
2011-05-31,8.62012,8.78699,8.57318,8.76092,17603400
2011-06-01,8.78178,8.79221,8.45846,8.5106,12708000
2011-06-02,8.53668,8.5784,8.3698,8.48975,7158500
2011-06-03,8.40631,8.48974,8.26551,8.29158,7519600
2011-06-06,8.28637,8.31244,8.11428,8.11949,5288200
2011-06-07,8.13513,8.25507,8.08299,8.09342,5248700
2011-06-08,8.00998,8.24465,7.89004,8.05691,8451000
2011-06-09,8.04649,8.12992,7.96826,8.02041,6557300
2011-06-10,8.00998,8.05691,7.86918,7.95783,7829900
2011-06-13,7.96304,8.0517,7.84832,7.89004,7616700
2011-06-14,8.04648,8.30201,8.03605,8.12992,10475000
2011-06-15,8.03605,8.20814,7.74924,7.7701,13649900
2011-06-16,7.78574,7.8066,7.50935,7.59801,9046000
2011-06-17,7.71795,7.74924,7.39463,7.43113,11238500
2011-06-20,7.41549,7.56672,7.37377,7.49371,5789400
2011-06-21,7.55107,7.79095,7.53021,7.70752,10567500
2011-06-22,7.67102,8.00998,7.67102,7.8066,11553100
2011-06-23,7.72838,8.25508,7.72838,8.19771,18286400
2011-06-24,8.18728,8.19771,7.85353,8.00476,46884200
2011-06-27,7.97348,8.06734,7.8744,7.93697,9532700
2011-06-28,8.12471,8.12992,7.92654,7.98391,8395800
2011-06-29,8.02562,8.16121,7.96826,8.11949,5827500
2011-06-30,8.12992,8.43238,8.12992,8.42717,8516300
2011-07-01,8.4376,8.53668,8.31766,8.53146,5391600
2011-07-05,8.49496,8.49496,8.34894,8.44803,6493500
2011-07-06,8.46889,8.60969,8.45846,8.5106,6953300
2011-07-07,8.78699,8.86521,8.66183,8.67748,14215600
2011-07-08,8.62533,8.83914,8.60969,8.83392,9176000
2011-07-11,8.68269,8.79742,8.58361,8.71398,7299900
2011-07-12,8.68791,8.76091,8.58361,8.65662,7066200
2011-07-13,8.73484,8.84435,8.68791,8.77656,5840700
2011-07-14,8.83392,8.92258,8.67226,8.69834,8714400
2011-07-15,8.80263,8.88086,8.6514,8.76613,5893100
2011-07-18,8.76092,8.76092,8.41152,8.62012,7094800
2011-07-19,8.66705,8.86522,8.66184,8.82871,9286700
2011-07-20,8.95386,8.95386,8.72963,8.86,15183300
2011-07-21,7.61365,7.66059,7.29555,7.36856,44933300
2011-07-22,7.42592,7.83789,7.37377,7.59801,17819600
2011-07-25,7.48328,7.73881,7.37898,7.63973,13578300
2011-07-26,7.64494,7.82225,7.64494,7.70231,10435800
2011-07-27,7.68145,7.69188,7.36856,7.47285,11287300
2011-07-28,7.53022,7.56672,7.42071,7.43635,7789600
2011-07-29,7.3842,7.46242,7.22775,7.2434,11222800
2011-08-01,7.35813,7.43113,7.14953,7.21733,11547600
2011-08-02,7.18603,7.22254,6.86271,6.88357,9464600
2011-08-03,6.97874,6.97874,6.68267,6.74612,16844600
2011-08-04,6.73554,6.73554,6.37075,6.38132,17234300
2011-08-05,6.48177,6.60866,6.21743,6.37603,17729800
2011-08-08,6.15927,6.228,5.72574,5.75218,19020900
2011-08-09,5.92135,6.07468,5.65701,5.97951,15823000
2011-08-10,5.82091,6.13283,5.76275,5.85791,16520200
2011-08-11,5.88963,6.19627,5.78918,6.11168,16360800
2011-08-12,6.11697,6.36017,6.11697,6.25972,10538600
2011-08-15,6.29673,6.41833,6.27558,6.3496,10745900
2011-08-16,6.33902,6.47648,6.24915,6.4289,12206500
2011-08-17,6.42361,6.4712,5.96365,6.1857,8959900
2011-08-18,5.97422,5.97422,5.50897,5.59885,11053700
2011-08-19,5.56185,5.60414,5.26578,5.32922,15137300
2011-08-22,5.46668,5.48783,5.27635,5.38738,10272000
2011-08-23,5.40852,5.70988,5.40324,5.69931,9515600
2011-08-24,5.69402,5.84734,5.63057,5.80504,6383200
2011-08-25,5.78918,5.96365,5.68873,5.70988,6708000
2011-08-26,5.68344,5.9055,5.59357,5.8632,5057800
2011-08-29,5.94779,6.18041,5.88435,6.16984,4195700
2011-08-30,6.21743,6.21743,6.0271,6.13283,4596600
2011-08-31,6.15927,6.29144,6.09054,6.12226,8183700
2011-09-01,6.15927,6.19628,5.93193,5.9425,5491700
2011-09-02,5.83148,5.84205,5.64115,5.6623,6074300
2011-09-06,5.53541,5.61471,5.4191,5.60414,6289800
2011-09-07,5.69402,6.01123,5.69402,5.97951,6549800
2011-09-08,5.97423,6.13812,5.77861,5.83148,5831000
2011-09-09,5.8209,6.06939,5.73103,5.91078,6969700
2011-09-12,5.82619,6.0641,5.73631,5.93722,5687300
2011-09-13,5.96365,6.05881,5.87906,6.02709,5019300
2011-09-14,6.10111,6.40775,6.07996,6.29144,9383000
2011-09-15,6.37603,6.4289,6.19099,6.28087,5650500
2011-09-16,6.29673,6.40247,6.23857,6.35488,5371900
2011-09-19,6.24915,6.28615,6.10111,6.1857,4262700
2011-09-20,6.24386,6.24386,5.99537,6.03238,6862700
2011-09-21,6.04824,6.14341,5.91078,5.91078,6707700
2011-09-22,5.75746,5.77332,5.52484,5.64115,9713000
2011-09-23,5.56713,5.72574,5.55127,5.68344,4216600
2011-09-26,5.72045,5.96365,5.63586,5.9425,5737200
2011-09-27,6.05882,6.32316,6.00595,6.06939,7304400
2011-09-28,6.10111,6.12755,5.84205,5.87378,8515200
2011-09-29,5.97951,6.01123,5.47726,5.6623,9723400
2011-09-30,5.60943,5.60943,5.38209,5.43496,8552600
2011-10-03,5.40324,5.41381,4.99086,5.01729,13266400
2011-10-04,4.96971,5.12303,4.78467,5.10188,8047800
2011-10-05,5.12832,5.42438,5.09659,5.37151,6872600
2011-10-06,5.38738,5.68345,5.37152,5.66759,5785900
2011-10-07,5.70459,5.77861,5.51955,5.6623,8796800
2011-10-10,5.77861,5.91078,5.7416,5.85791,3924300
2011-10-11,5.83676,6.13812,5.83148,5.90549,9644100
2011-10-12,5.93193,6.19099,5.9055,5.91607,11004300
2011-10-13,5.92664,6.29673,5.86849,6.25443,7754100
2011-10-14,6.28087,6.34431,6.09054,6.23857,6048800
2011-10-17,6.21742,6.228,5.95308,5.97423,7347200
2011-10-18,5.97423,6.46062,5.92664,6.39718,12265900
2011-10-19,6.49763,6.77255,6.23857,6.37074,15112000
2011-10-20,6.48177,6.48177,6.06939,6.37603,19252600
2011-10-21,7.1585,8.21588,7.13735,8.15244,48009300
2011-10-24,8.09429,8.40093,8.06785,8.32162,17495200
2011-10-25,8.18945,8.61769,8.17887,8.25289,13781700
2011-10-26,8.30576,8.96134,8.28461,8.58597,22039000
2011-10-27,8.80802,8.92962,8.35863,8.63355,13415900
2011-10-28,8.50666,8.78158,8.47494,8.66527,7040200
2011-10-31,8.53838,8.74457,8.45908,8.53838,10044400
2011-11-01,8.41541,8.8164,8.29244,8.68809,16677500
2011-11-02,8.69878,9.13185,8.69878,9.00353,15536500
2011-11-03,9.24947,9.46868,8.90729,9.24412,19080300
2011-11-04,9.17462,9.89105,9.08373,9.80551,19881900
2011-11-07,9.67185,9.94452,9.50076,9.81086,12097300
2011-11-08,9.71996,9.78412,9.37244,9.55957,14526000
2011-11-09,9.41522,9.53818,9.09442,9.15858,10828000
2011-11-10,9.35106,9.4366,8.88591,9.36175,13114100
2011-11-11,9.42056,9.73066,9.34036,9.59165,11992000
2011-11-14,9.46868,9.53284,9.34571,9.49541,7301300
2011-11-15,9.19601,9.54888,9.12116,9.3671,8878100
2011-11-16,9.22274,9.4366,8.95541,9.19066,13751600
2011-11-17,9.14789,9.19066,8.55442,8.96076,11632200
2011-11-18,8.90729,8.94472,8.54373,8.55977,13748800
2011-11-21,8.55443,8.72017,8.3673,8.63462,7775500
2011-11-22,8.58115,8.7469,8.45284,8.54908,4941100
2011-11-23,8.49027,8.72017,8.13205,8.24967,7429300
2011-11-25,8.16413,8.39403,8.09997,8.10532,1950200
2011-11-28,8.38333,8.76828,8.33521,8.54908,6133700
2011-11-29,9.12115,9.19601,8.79502,8.86452,12039100
2011-11-30,9.06769,9.21204,9.00888,9.14254,10784000
2011-12-01,9.23878,9.46333,8.99819,9.30294,9430000
2011-12-02,8.98215,9.32967,8.52235,8.64532,19873500
2011-12-05,8.8164,8.93403,8.73621,8.86452,10409200
2011-12-06,8.90729,8.93403,8.70413,8.76828,6139800
2011-12-07,8.73621,8.76828,8.50096,8.72551,7396300
2011-12-08,8.72016,8.75759,8.32452,8.39403,7174500
2011-12-09,8.38333,8.70413,8.24967,8.63997,6427000
2011-12-12,8.63462,8.76828,8.50096,8.7469,8298300
2011-12-13,8.77898,8.82175,8.37264,8.46353,8255400
2011-12-14,8.36729,8.41007,8.01977,8.27106,8240400
2011-12-15,8.3566,8.46888,8.21225,8.22294,6549500
2011-12-16,8.26571,8.31383,8.12136,8.24967,9230000
2011-12-19,8.30848,8.35126,8.03047,8.0572,4976100
2011-12-20,8.23898,8.49561,8.23898,8.41541,8808800
2011-12-21,8.39403,8.55442,8.28175,8.53304,7386800
2011-12-22,8.5865,8.7469,8.48492,8.55442,4420400
2011-12-23,8.55977,8.64531,8.52234,8.63997,2687500
2011-12-27,8.61858,8.63997,8.39403,8.45819,5960800
2011-12-28,8.50096,8.59185,8.29779,8.33522,4827200
2011-12-29,8.37799,8.48492,8.27641,8.47423,3537400
2011-12-30,8.46353,8.82175,8.4368,8.76828,8171800
2012-01-03,8.98215,9.04096,8.73086,8.78432,6110200
2012-01-04,8.78967,8.99818,8.6667,8.99284,8512200
2012-01-05,9.73066,9.76808,9.38313,9.57026,28075500
2012-01-06,9.53283,9.85897,9.53283,9.78412,11792100
2012-01-09,9.81086,9.86432,9.69858,9.72531,8663100
2012-01-10,9.84293,10.0675,9.80016,9.94452,10149200
2012-01-11,9.98729,10.0087,9.83224,9.99264,7189400
2012-01-12,10.0568,10.4257,10.0514,10.3562,23587000
2012-01-13,10.2974,10.5166,10.2118,10.4471,10863800
2012-01-17,10.4792,10.5861,10.26,10.3883,13270400
2012-01-18,10.3776,10.5808,10.3402,10.5594,8890600
2012-01-19,10.5808,10.6663,10.5273,10.6075,7222300
2012-01-20,10.6075,10.7411,10.4845,10.7037,11928800
2012-01-23,10.693,10.7037,10.4364,10.5219,15262700
2012-01-24,10.6396,10.7037,10.4524,10.5594,14833600
2012-01-25,10.5487,10.6396,10.399,10.5701,8464700
2012-01-26,10.6503,10.693,10.5112,10.5861,7326500
2012-01-27,10.8802,11.2277,10.8641,11.1047,18576900
2012-01-30,11.0726,11.2277,10.9604,11.1689,8838000
2012-01-31,11.3025,11.3507,11.2063,11.3025,16201400
2012-02-01,12.6124,13.9811,12.5964,13.6496,75403800
2012-02-02,13.6122,14.0667,13.4679,13.7673,26350600
2012-02-03,13.9009,14.2645,13.8796,14.1255,13584400
2012-02-06,14.1095,14.2378,13.8582,14.1148,12271500
2012-02-07,14.072,14.5158,14.0186,14.2592,14065700
2012-02-08,14.318,14.5906,14.2752,14.4356,11061300
2012-02-09,14.4677,14.596,14.056,14.2645,14218200
2012-02-10,14.0346,14.1415,13.7994,14.0079,15049400
2012-02-13,14.294,14.3048,13.9161,14.0618,10088600
2012-02-14,14.0349,14.4343,13.9971,14.3587,8362200
2012-02-15,14.3641,14.4505,14.0618,14.1428,9647900
2012-02-16,14.2886,14.7366,14.1968,14.6718,9997000
2012-02-17,14.7096,14.7366,14.4667,14.5099,6814000
2012-02-21,14.5747,14.6448,14.2832,14.4235,4934700
2012-02-22,14.3641,14.4613,14.2184,14.2832,6679100
2012-02-23,14.2238,14.7906,14.2238,14.634,9857600
2012-02-24,14.7312,14.9957,14.7096,14.8392,9956800
2012-02-27,14.7096,14.9525,14.4127,14.4181,10897300
2012-02-28,14.4883,14.6502,14.3965,14.6178,7177000
2012-02-29,14.6826,14.823,14.1752,14.1752,10275000
2012-03-01,14.2724,14.7906,14.0241,14.769,10556700
2012-03-02,14.7042,14.9795,14.4559,14.7258,12285100
2012-03-05,14.6286,15.0011,14.6232,14.9309,9877900
2012-03-06,14.8014,14.8985,14.3156,14.5261,10013000
2012-03-07,14.6988,14.9525,14.5801,14.9093,8109400
2012-03-08,14.9525,15.4168,14.9525,15.1037,11770100
2012-03-09,15.1307,15.4545,15.1307,15.2926,9046000
2012-03-12,15.2386,15.298,15.0335,15.0497,6135600
2012-03-13,15.163,15.2116,14.823,15.1145,8772400
2012-03-14,15.0767,15.2764,14.6286,14.8068,9831200
2012-03-15,14.796,14.8554,14.2562,14.3479,13668600
2012-03-16,14.4883,14.5909,14.1806,14.4181,15459600
2012-03-19,14.3479,14.5099,14.0942,14.2724,8690300
2012-03-20,14.1914,14.3965,13.9971,14.3425,6848400
2012-03-21,14.4073,14.5369,14.2076,14.4181,6956900
2012-03-22,14.4127,15.1037,14.3911,15.0767,12346100
2012-03-23,15.0551,15.1361,14.7204,15.0929,8567000
2012-03-26,15.1522,15.1522,14.8985,15.0605,5653000
2012-03-27,15.1145,15.1145,14.7474,14.7636,6718800
2012-03-28,14.9093,15.0335,14.5477,14.6988,8829800
2012-03-29,14.5585,14.6502,14.2616,14.6232,6863800
2012-03-30,14.7096,14.7366,14.2616,14.5531,6050300
2012-04-02,14.5801,15.1145,14.5045,15.0929,9874000
2012-04-03,14.9687,15.2224,14.8877,15.0551,8895400
2012-04-04,14.8931,14.9201,14.7204,14.8122,9307700
2012-04-05,14.4289,14.4667,13.4249,13.8837,31554900
2012-04-09,13.7919,14.4235,13.7164,14.3102,10942000
2012-04-10,14.3857,14.5099,13.7866,13.8405,8389500
2012-04-11,14.0403,14.2832,13.8999,13.9755,8748900
2012-04-12,14.0457,14.6394,14.0457,14.5693,8160700
2012-04-13,14.5261,14.9903,14.4991,14.7798,10247800
2012-04-16,15.3574,15.6543,15.1253,15.3898,20482400
2012-04-17,15.6003,15.6381,15.0551,15.0551,20695700
2012-04-18,15.4383,15.9728,15.2224,15.6327,30187200
2012-04-19,15.7406,15.9727,15.3574,15.5301,16091100
2012-04-20,15.6543,15.9134,15.5085,15.7676,12126800
2012-04-23,15.6543,15.8972,15.6003,15.827,13269900
2012-04-24,15.881,16.1293,15.7784,16.1077,9645400
2012-04-25,16.1401,16.9066,16.1185,16.7447,14236100
2012-04-26,16.7339,16.9984,16.5179,16.7825,9546000
2012-04-27,15.7028,16.1617,15.0335,15.9673,31256700
2012-04-30,16.0871,16.8765,16.0708,16.7459,16583800
2012-05-01,16.8003,17.7203,16.8003,17.361,23352300
2012-05-02,17.214,17.6006,17.1324,17.5352,10553300
2012-05-03,17.6169,17.6877,16.7785,17.0072,11519700
2012-05-04,16.7622,16.8711,16.3757,16.5662,9442800
2012-05-07,16.3593,16.9745,16.2504,16.8819,10500000
2012-05-08,16.735,16.8711,16.196,16.5553,9750600
2012-05-09,16.2395,16.7676,16.1143,16.6424,8096400
2012-05-10,16.8438,17.2685,16.7458,17.1324,12821700
2012-05-11,16.9582,17.1868,16.8819,16.9527,8454900
2012-05-14,16.7785,17.4263,16.686,17.0779,10011300
2012-05-15,17.1269,17.4209,16.9418,17.0453,8755200
2012-05-16,17.067,17.2957,16.4138,16.4628,9753900
2012-05-17,16.4246,16.6097,15.5754,15.608,13069000
2012-05-18,15.5972,15.6516,14.5465,14.6499,19881200
2012-05-21,14.639,15.2379,14.5682,15.1616,13688200
2012-05-22,14.6934,14.6989,14.0347,14.3505,20121200
2012-05-23,14.0347,14.2906,13.7135,14.0347,17980000
2012-05-24,14.0402,14.7533,14.0347,14.3668,16544100
2012-05-25,14.3178,14.3722,14.0238,14.2525,6597000
2012-05-29,13.9803,14.0837,13.4576,13.6264,20395200
2012-05-30,13.4195,13.7135,13.2072,13.2399,13417500
2012-05-31,12.984,13.0004,12.4614,12.7554,20462100
2012-06-01,12.4233,12.6029,11.77,11.8353,25964400
2012-06-04,11.9061,12.2327,11.8136,12.0531,12569000
2012-06-05,11.9061,12.3688,11.8625,12.3035,11368900
2012-06-06,12.4832,12.9187,12.4451,12.886,11392200
2012-06-07,12.8697,12.9677,12.2654,12.3362,13993600
2012-06-08,12.3362,12.886,12.3035,12.7336,9366400
2012-06-11,12.9187,13.0004,12.2654,12.2817,8226700
2012-06-12,12.4777,12.6519,12.1402,12.6247,9771200
2012-06-13,12.6247,13.3052,12.5267,12.984,13672300
2012-06-14,13.0494,13.0711,12.7336,12.7608,8444700
2012-06-15,12.8697,12.9024,12.6955,12.8316,7510800
2012-06-18,12.8697,13.0494,12.7118,12.9786,5541300
2012-06-19,13.0766,13.4359,12.9895,13.327,5957300
2012-06-20,13.2834,13.3488,12.9786,13.2399,6186000
2012-06-21,13.0385,13.0657,12.309,12.3471,11452400
2012-06-22,12.358,12.7445,12.3525,12.7064,7220700
2012-06-25,12.5431,12.739,12.2981,12.6683,10677900
2012-06-26,13.0439,13.3107,12.9677,13.131,20059300
2012-06-27,13.2181,13.4685,13.0439,13.3542,9208800
2012-06-28,12.7717,12.9459,12.4451,12.6574,19810800
2012-06-29,12.9568,13.5284,12.9459,13.4631,89629700
2012-07-02,13.4413,13.4685,13.1582,13.3705,13548200
2012-07-03,13.3542,13.6972,13.2834,13.6809,5961000
2012-07-05,13.5556,13.7897,13.3597,13.6536,7562400
2012-07-06,13.3215,13.6427,12.9895,13.5883,17471900
2012-07-09,13.5883,14.1654,13.4522,14.1382,12315500
2012-07-10,14.0347,14.4049,13.6591,13.8006,10271200
2012-07-11,13.8061,13.9258,13.6264,13.8115,7016500
2012-07-12,13.7407,13.9095,13.3814,13.7353,7193900
2012-07-13,13.8061,14.0892,13.7462,14.0511,4778900
2012-07-16,14.0565,14.3178,13.7952,14.1763,6746800
2012-07-17,14.394,14.7806,14.0619,14.5737,11691700
2012-07-18,14.5682,15.2324,14.4648,14.9874,9485100
2012-07-19,15.0473,15.1344,14.6444,14.7914,7973300
2012-07-20,14.7424,14.9711,14.4485,14.59,7912900
2012-07-23,14.2743,14.5356,13.8877,14.4539,6937800
2012-07-24,14.4866,14.7642,14.2525,14.4049,6693600
2012-07-25,14.4757,14.6172,14.1763,14.3233,7836100
2012-07-26,15.853,16.6587,15.706,16.3648,28480000
2012-07-27,16.3267,16.4355,15.8857,16.3375,11143900
2012-07-30,16.343,16.735,16.3049,16.5662,13062400
2012-07-31,15.2161,16.6479,15.1889,16.343,20230500
2012-08-01,16.4083,16.8057,16.2668,16.4573,9855000
2012-08-02,16.3049,16.5934,16.0327,16.3103,8569100
2012-08-03,16.392,16.9309,16.3757,16.8438,9204400
2012-08-06,16.8275,17.3882,16.7948,17.3665,10589100
2012-08-07,17.4046,18.0198,17.2467,17.7421,12876300
2012-08-08,17.6768,18.194,17.4862,17.7748,17851200
2012-08-09,17.949,18.1232,17.6822,18.0143,13933800
2012-08-10,17.9373,18.8444,17.8824,18.7894,16376900
2012-08-13,18.6905,19.0533,18.5805,18.8004,8980300
2012-08-14,18.9873,19.0533,18.619,18.718,8395600
2012-08-15,18.8279,18.8389,18.531,18.7509,5245100
2012-08-16,18.8059,19.0753,18.663,19.0313,6664800
2012-08-17,18.9928,19.6305,18.9653,19.6085,13087800
2012-08-20,19.2732,19.4161,19.1687,19.2842,7681400
2012-08-21,19.3776,19.515,18.7949,19.0863,9009300
2012-08-22,18.9543,19.4381,18.7509,19.3336,13121500
2012-08-23,19.1027,19.1027,18.3551,18.52,13623200
2012-08-24,18.4596,18.7509,18.3057,18.7234,9438200
2012-08-27,18.7894,18.9543,18.542,18.608,6228400
2012-08-28,18.5805,18.8939,18.3386,18.5091,8656100
2012-08-29,18.4871,18.707,18.3936,18.4651,5128300
2012-08-30,18.1352,18.1627,17.4261,17.7065,10942300
2012-08-31,17.8879,18.1407,17.4151,17.5965,12064500
2012-09-04,17.591,18.0088,17.5251,17.8109,8466100
2012-09-05,17.8219,18.0858,17.6295,17.8824,6695900
2012-09-06,17.1787,17.624,16.9698,17.4261,18354700
2012-09-07,17.2172,17.2777,16.7994,16.8214,13224700
2012-09-10,16.5685,16.8269,16.4036,16.4201,12793200
2012-09-11,16.4916,16.7225,16.2717,16.5521,9386600
2012-09-12,16.5576,16.7225,16.3926,16.4916,9072800
2012-09-13,16.5521,16.9918,16.0408,16.6675,9582800
2012-09-14,16.8819,17.3162,16.4036,16.7555,15565000
2012-09-17,16.629,16.673,16.2552,16.3542,7304100
2012-09-18,16.3487,16.585,16.1398,16.3212,7845200
2012-09-19,16.3487,16.3981,16.1398,16.2002,7905800
2012-09-20,16.1892,16.6235,16.0298,16.5026,9300500
2012-09-21,17.0028,17.1293,16.4971,17.0193,18174700
2012-09-24,16.8104,17.2777,16.717,17.2392,10949400
2012-09-25,17.4426,17.7284,17.2447,17.3436,10753400
2012-09-26,17.2722,17.3162,16.717,17.0303,7491500
2012-09-27,17.0963,17.5635,16.8819,17.5525,6553500
2012-09-28,17.5031,17.5415,16.9314,17.0193,9110500
2012-10-01,17.1842,17.3107,16.4861,16.5411,9396800
2012-10-02,16.7225,16.7609,16.4256,16.651,8160400
2012-10-03,16.6455,16.728,16.4256,16.5191,8421500
2012-10-04,16.5521,16.6895,16.3871,16.4916,10938100
2012-10-05,16.607,16.6455,16.1947,16.2662,5833100
2012-10-08,16.2167,16.3487,16.0903,16.2332,4528700
2012-10-09,16.1508,16.2167,15.601,15.7714,9163900
2012-10-10,15.722,15.8044,15.3921,15.5186,8189700
2012-10-11,15.711,15.9034,15.4636,15.5296,7329900
2012-10-12,14.9744,15.623,14.9194,15.4306,16903500
2012-10-15,15.4361,15.6615,15.3812,15.6285,5772800
2012-10-16,15.7275,15.9584,15.634,15.711,6295800
2012-10-17,15.733,15.8649,15.4801,15.601,4567500
2012-10-18,15.4856,15.755,15.3592,15.3757,6689000
2012-10-19,15.3647,15.4966,15.2932,15.3372,10379900
2012-10-22,15.3756,15.5955,15.3427,15.5626,7747700
2012-10-23,14.7435,15.4416,14.705,15.2822,13701300
2012-10-24,15.3702,15.3976,15.0788,15.2272,7693400
2012-10-25,15.3811,15.5955,15.2877,15.4636,6876600
2012-10-26,15.4306,15.623,15.2602,15.3427,6666600
2012-10-31,15.1118,15.2932,14.716,15.0238,11797200
2012-11-01,15.0293,15.5735,14.9743,15.5186,7476500
2012-11-02,15.733,15.733,15.3867,15.4031,6058100
2012-11-05,15.4251,15.8979,15.4196,15.8539,5604600
2012-11-06,15.9419,16.684,15.8099,16.651,9873400
2012-11-07,16.3926,16.596,16.1123,16.1178,9819900
2012-11-08,16.1453,16.4476,16.1453,16.2772,7583300
2012-11-09,16.1994,16.6495,16.1383,16.1494,9458900
2012-11-12,16.1883,16.2216,15.5659,15.5881,6656000
2012-11-13,15.4325,15.6937,15.1157,15.5214,8996300
2012-11-14,15.5992,15.6159,14.8434,14.8823,15458400
2012-11-15,14.8434,15.0768,14.8434,14.9323,11176600
2012-11-16,14.9379,15.1769,14.7045,15.0657,10345400
2012-11-19,15.1769,15.2658,14.9379,15.0546,9254500
2012-11-20,15.0046,15.049,14.5822,14.799,11100500
2012-11-21,14.8712,15.1713,14.7434,14.8657,9049000
2012-11-23,14.9879,15.2491,14.8768,15.1657,2963500
2012-11-26,15.138,15.2435,14.9601,15.1991,5951900
2012-11-27,15.188,15.2269,14.3933,14.4211,13851600
2012-11-28,14.3766,14.5044,14.1321,14.2766,9984900
2012-11-29,14.3044,14.3711,13.882,14.0376,10280500
2012-11-30,14.2766,14.2766,13.8376,13.9487,11474600
2012-12-03,14.0876,14.2877,13.982,14.0932,6603500
2012-12-04,14.1376,14.71,14.1321,14.7045,11623500
2012-12-05,14.7045,15.8159,14.6711,15.338,17209400
2012-12-06,15.2491,15.966,15.2324,15.8548,11358300
2012-12-07,15.9938,16.0438,15.7215,15.7493,7988400
2012-12-10,15.7381,16.5717,15.727,16.066,12138200
2012-12-11,16.2049,16.4828,15.966,16.1327,9494900
2012-12-12,15.7104,15.8624,15.5809,15.6259,10180100
2012-12-13,15.6203,15.8793,15.4964,15.6259,7256800
2012-12-14,15.5978,15.6259,15.4007,15.5696,5682400
2012-12-17,15.6653,15.93,15.5978,15.7949,5504000
2012-12-18,15.8793,16.6057,15.8512,16.5325,12658100
2012-12-19,16.8929,17.3603,16.7803,17.0731,14140100
2012-12-20,17.0449,17.1913,16.8084,17.1069,5843000
2012-12-21,16.8422,17.1744,16.4143,17.1519,17452400
2012-12-24,17.1801,17.2251,16.8591,17.0562,2795800
2012-12-26,17.1238,17.394,17.0168,17.1069,4660800
2012-12-27,17.0168,17.1181,16.7521,17.0111,4120500
2012-12-28,16.8985,17.0449,16.8309,16.8647,4348600
2012-12-31,16.8422,17.3265,16.7803,17.1294,6504500
2013-01-02,17.7882,18.0191,17.608,17.9909,7445700
2013-01-03,17.9797,18.0191,17.6362,17.67,4948400
2013-01-04,17.7206,17.8107,17.5179,17.7094,4520900
2013-01-07,17.6756,17.9684,17.5517,17.7263,5594000
2013-01-08,17.6362,17.974,17.3546,17.6756,8464200
2013-01-09,18.0191,18.8637,17.9909,18.8525,17973600
2013-01-10,18.9538,18.9876,18.5709,18.9651,9940800
2013-01-11,19.0045,19.0214,18.6103,18.7455,7241600
2013-01-14,18.8919,19.3987,18.4696,19.1284,11264200
2013-01-15,19.1059,19.5338,18.8919,19.4043,8044400
2013-01-16,19.2691,19.5394,19.1791,19.3142,4906500
2013-01-17,19.3761,19.7534,19.348,19.7196,7421800
2013-01-18,19.6746,19.9392,19.4831,19.9223,8398000
2013-01-22,19.9674,21.3526,19.8998,21.3357,15325700
2013-01-23,21.3413,21.3639,20.3559,20.6206,11841400
2013-01-24,20.4911,21.0429,20.4235,20.7614,8484500
2013-01-25,20.9078,21.1499,20.7895,20.9753,8976200
2013-01-28,21.2287,21.3019,20.9753,21.0654,8838300
2013-01-29,19.7872,19.7928,18.92,19.0946,16672000
2013-01-30,19.0946,19.393,19.0608,19.0833,5940000
2013-01-31,18.7004,19.6183,18.5597,19.134,13520900
2013-02-01,19.3592,19.3705,18.7117,18.9594,7864900
2013-02-04,18.8299,19.241,18.6723,19.0327,7083900
2013-02-05,19.0439,19.2804,18.8243,19.1227,5903900
2013-02-06,19.0327,19.5394,18.9876,19.4944,6000400
2013-02-07,19.3649,19.5732,18.8806,19.562,9803900
2013-02-08,19.6239,20.7388,19.5732,19.9787,10520600
2013-02-11,20.0237,20.08,19.5958,19.7365,4312000
2013-02-12,19.7759,19.7872,19.5169,19.5282,3486400
2013-02-13,19.669,19.7534,19.5057,19.714,3404700
2013-02-14,19.6014,19.8548,19.5957,19.6802,3537500
2013-02-15,19.5845,19.7196,19.2804,19.3987,5091400
2013-02-19,19.562,19.562,19.1284,19.2466,4976500
2013-02-20,19.2804,19.2804,18.2387,18.3006,5580400
2013-02-21,18.1486,18.2105,17.67,17.8614,5673500
2013-02-22,18.0078,18.1599,17.6643,17.929,4413200
2013-02-25,18.1936,18.2443,17.3377,17.3659,4889800
2013-02-26,17.4166,17.7544,17.0393,17.6418,5136400
2013-02-27,17.6136,18.0923,17.4729,18.0022,3485300
2013-02-28,17.9402,18.3006,17.8558,18.1092,5460100
2013-03-01,18.036,18.2725,17.8614,18.1993,3921500
2013-03-04,18.1824,18.2443,17.7657,18.0416,4806400
2013-03-05,18.1824,18.3682,18.0754,18.2105,3912700
2013-03-06,18.3119,18.7286,18.2725,18.5934,5379300
2013-03-07,18.6835,18.6948,17.9853,18.143,5739400
2013-03-08,18.2612,18.3344,18.0247,18.3006,4433600
2013-03-11,18.1936,18.8018,18.1317,18.768,4424600
2013-03-12,18.7398,19.7422,18.6497,19.6746,8727800
2013-03-13,19.7309,20.1701,19.5394,19.8829,6580600
2013-03-14,19.9899,20.2433,19.9167,20.2095,5130200
2013-03-15,20.1025,20.1701,19.5957,19.9054,10203300
2013-03-18,19.6014,20.0237,19.4268,19.8717,3329600
2013-03-19,19.8773,19.9561,19.1959,19.3649,4444700
2013-03-20,19.6014,19.7703,19.5338,19.6802,2573500
2013-03-21,19.5394,19.5845,19.1903,19.4381,3195200
2013-03-22,19.5,19.6239,19.2297,19.5507,2421700
2013-03-25,19.669,19.7027,19.2917,19.5507,3752000
2013-03-26,19.759,20.5418,19.714,20.2039,9470700
2013-03-27,20.0913,20.7557,20.0406,20.6544,5966200
2013-03-28,20.6375,20.8064,20.4179,20.5868,4485100
2013-04-01,20.7557,20.9134,20.5023,20.6769,3535000
2013-04-02,20.6769,20.6769,20.1588,20.4291,3947300
2013-04-03,20.508,20.8346,20.2433,20.3052,5040700
2013-04-04,20.3447,20.4798,20.142,20.4629,2524600
2013-04-05,20.2039,20.2039,19.714,19.9955,6002700
2013-04-08,20.1645,20.4122,19.8097,20.2602,3671200
2013-04-09,20.2715,20.9866,20.2433,20.812,5694200
2013-04-10,20.9359,21.3413,20.8346,21.2175,5664800
2013-04-11,20.8289,20.8571,20.1307,20.5699,7282100
2013-04-12,20.5474,20.6093,20.1814,20.3221,3970200
2013-04-15,20.1532,20.5812,19.4662,19.5958,6120800
2013-04-16,19.6971,20.187,19.5957,19.8998,4611800
2013-04-17,19.714,19.8604,19.1903,19.5507,4970100
2013-04-18,19.6464,19.7928,18.9707,19.1059,5917500
2013-04-19,19.0158,19.4493,18.7061,19.393,5205900
2013-04-22,19.4268,19.8323,19.3424,19.6014,3384000
2013-04-23,19.8773,20.4066,19.7647,20.2884,4746500
2013-04-24,20.3953,20.9078,20.3165,20.5305,6283000
2013-04-25,20.8402,21.3132,20.4629,20.5755,8986100
2013-04-26,20.5361,20.6938,20.3897,20.4967,6434600
2013-04-29,20.5418,20.6825,20.1926,20.3953,4811600
2013-04-30,20.3785,20.6656,20.2658,20.6656,5548700
2013-05-01,20.7219,20.9584,20.5023,20.8008,6202800
2013-05-02,21.4314,22.4788,21.4258,22.3155,14001200
2013-05-03,22.5238,23.3798,22.4619,23.2165,8594800
2013-05-06,23.239,23.7852,23.239,23.6332,7023400
2013-05-07,23.6782,23.926,23.4023,23.8302,5535200
2013-05-08,23.7514,23.9316,23.3685,23.8302,5394100
2013-05-09,23.0363,23.3122,22.5858,22.7097,10508500
2013-05-10,22.6871,22.9293,22.552,22.8054,4252700
2013-05-13,22.7542,23.2488,22.7201,22.8907,4013400
2013-05-14,23.0157,23.4193,22.8224,23.2203,5263900
2013-05-15,23.2488,23.2999,23.0043,23.0839,7891900
2013-05-16,23.1578,23.3852,23.0043,23.0726,6561700
2013-05-17,23.2601,23.5785,23.0726,23.5728,4901200
2013-05-20,23.3681,23.4136,23.1408,23.3284,4386900
2013-05-21,23.3284,23.6012,23.1806,23.6012,3118900
2013-05-22,23.3909,24.3743,23.3909,23.9707,7497600
2013-05-23,24.0161,24.7835,23.6694,24.4368,7468800
2013-05-24,24.2833,24.4652,24.0105,24.3572,2749900
2013-05-28,24.7551,24.7835,24.4595,24.505,3407300
2013-05-29,24.2719,25.0052,24.2663,24.8745,4026200
2013-05-30,24.9541,25.261,24.7665,24.8233,3707000
2013-05-31,24.7778,24.9256,24.4823,24.488,6208700
2013-06-03,24.5277,25.0109,24.2549,24.9882,4042500
2013-06-04,25.0223,25.5793,25.0223,25.4315,5100100
2013-06-05,25.4259,25.4827,24.6585,24.8347,4269600
2013-06-06,24.8461,25.0791,24.5618,25.0791,4185400
2013-06-07,25.2326,25.2724,24.8006,25.0166,3292700
2013-06-10,24.8347,25.0848,24.5277,24.9938,3943400
2013-06-11,24.7778,25.3576,24.7324,24.9768,4211000
2013-06-12,25.2155,25.3633,24.6755,24.7665,3389700
2013-06-13,24.8233,25.0677,24.5277,24.9995,2932100
2013-06-14,25.0223,25.1928,24.7722,24.8517,2605500
2013-06-17,24.9882,25.261,24.8688,25.0166,3120800
2013-06-18,25.1132,25.6077,25.0336,25.5736,4571800
2013-06-19,25.4315,25.6078,25.0848,25.2269,3490300
2013-06-20,24.9313,25.045,24.1014,24.3515,5166500
2013-06-21,24.5391,24.5391,23.8229,24.0161,5996100
2013-06-24,23.8513,23.874,23.1237,23.4363,3867400
2013-06-25,23.8172,24.2208,23.5557,24.1014,3339100
2013-06-26,24.3174,24.4823,24.0332,24.2719,2784600
2013-06-27,24.6585,25.5737,24.5618,25.4031,4063500
2013-06-28,25.2951,25.8636,25.1473,25.4827,3896300
2013-07-01,25.8579,26.0227,25.6475,25.8465,2837700
2013-07-02,25.9204,26.0568,25.4998,25.7044,2711900
2013-07-03,25.5566,25.8408,25.3349,25.6362,1948400
2013-07-05,25.9318,26.108,25.6305,25.9886,2622700
2013-07-08,26.1478,26.3865,25.801,25.8351,3401600
2013-07-09,25.8522,26.1478,25.7612,25.9943,2552900
2013-07-10,26.0057,26.2387,25.7953,26.0511,3164800
2013-07-11,26.3581,26.432,26.0284,26.324,3021300
2013-07-12,26.3922,26.5457,26.2842,26.5343,2474800
2013-07-15,26.5059,26.7048,26.4604,26.5513,1992500
2013-07-16,26.6025,26.7162,26.341,26.4661,2355200
2013-07-17,26.5286,26.665,26.4206,26.54,1811900
2013-07-18,26.6764,26.8299,26.5059,26.6594,2511000
2013-07-19,26.6366,27.1482,26.4547,27.0118,6541200
2013-07-22,27.0345,27.1823,26.5684,26.6139,3830300
2013-07-23,26.7901,26.881,25.7271,25.7556,5338100
2013-07-24,24.6812,25.1757,23.1919,25.1189,13194300
2013-07-25,24.3856,24.3856,23.3113,24.0559,9627200
2013-07-26,23.9934,23.9934,23.2772,23.334,7078700
2013-07-29,23.2772,23.4477,22.8509,22.9077,4082500
2013-07-30,22.9532,23.5728,22.9134,23.4477,3970400
2013-07-31,23.4022,23.4989,23.1067,23.2545,4207100
2013-08-01,23.3738,23.8342,23.317,23.7547,2923700
2013-08-02,23.6808,23.6808,23.1692,23.3625,3658300
2013-08-05,23.2993,23.6321,23.1387,23.1961,2250200
2013-08-06,23.1846,23.351,22.869,23.1215,4183300
2013-08-07,23.1502,23.1617,22.6797,23.001,3382200
2013-08-08,23.1215,23.6895,23.1043,23.4715,3360200
2013-08-09,23.46,23.5518,23.219,23.4428,2263600
2013-08-12,23.3739,23.7182,23.2879,23.7182,2118500
2013-08-13,23.7182,23.8387,23.5288,23.6206,2142700
2013-08-14,23.6378,23.8329,23.4944,23.5633,2463400
2013-08-15,23.2879,23.3108,22.5363,22.674,3871000
2013-08-16,22.7773,22.8404,22.4387,22.4904,3417000
2013-08-19,22.4904,22.7428,22.1806,22.2437,2959400
2013-08-20,22.324,22.5936,22.1806,22.5019,2030400
2013-08-21,22.4043,22.9608,22.3355,22.6682,2763800
2013-08-22,22.7715,23.2305,22.7371,22.9953,1675000
2013-08-23,23.0469,23.3567,22.8461,23.024,2144000
2013-08-26,23.024,23.2821,22.8059,23.0067,2149200
2013-08-27,22.8002,22.9838,21.9568,22.0945,2898500
2013-08-28,22.1978,22.4961,22.0314,22.3011,2396500
2013-08-29,22.1289,22.1633,21.3257,21.8535,6676000
2013-08-30,21.9511,22.301,21.8019,21.9855,4222900
2013-09-03,22.2437,22.5994,22.1002,22.1863,3539500
2013-09-04,22.2265,22.6797,22.0199,22.5019,3565600
2013-09-05,22.5305,22.8346,22.3584,22.674,3237800
2013-09-06,22.8117,22.8117,22.2322,22.6396,2855100
2013-09-09,22.6338,23.2133,22.433,23.0412,3428400
2013-09-10,23.2362,24.0222,23.1846,23.5633,5173000
2013-09-11,23.6493,23.7641,23.0641,23.2879,3170400
2013-09-12,23.2076,23.4084,22.9609,23.024,2697200
2013-09-13,22.9379,23.11,22.8174,23.0928,2132100
2013-09-16,23.46,23.6665,23.2305,23.4887,3654400
2013-09-17,23.546,23.7469,23.3223,23.6723,3386000
2013-09-18,23.7583,23.9018,23.5288,23.8903,3273200
2013-09-19,23.9821,24.1427,23.7124,23.7297,3132700
2013-09-20,23.6895,23.8731,23.5633,23.7526,4746800
2013-09-23,23.6723,23.7928,23.2534,23.4887,2836600
2013-09-24,23.4428,24.0624,23.351,23.9821,3073000
2013-09-25,24.0796,25.1812,23.9821,25.1697,7276300
2013-09-26,25.2041,25.2386,24.573,24.7509,3442500
2013-09-27,24.5558,25.0033,24.3952,24.9632,2890900
2013-09-30,24.9001,25.5197,24.5157,25.1066,4924500
2013-10-01,25.0665,25.6517,24.9689,25.6459,2808500
2013-10-02,25.7893,26.3918,25.5541,26.3631,4297000
2013-10-03,26.2483,26.409,25.9672,26.1393,4126900
2013-10-04,26.1393,26.3573,25.5713,26.3172,4053000
2013-10-07,26.0074,26.1565,25.7951,25.9098,2090500
2013-10-08,26.4205,26.7418,25.6689,25.6976,4678400
2013-10-09,25.7434,25.9902,25.3361,25.7492,3820600
2013-10-10,25.9672,26.4377,25.8926,26.4147,3028700
2013-10-11,26.2483,26.7073,26.0533,26.5467,2264400
2013-10-14,26.3918,27.2122,26.3688,27.1548,3369300
2013-10-15,26.9598,27.2811,26.6901,26.954,2853100
2013-10-16,27.2581,27.5507,26.9712,27.5507,3175800
2013-10-17,27.522,27.9007,27.3384,27.8032,2712700
2013-10-18,27.872,28.7097,27.4417,28.7097,6733400
2013-10-21,28.572,29.0023,28.2507,28.9678,5307300
2013-10-22,28.9277,28.9277,28.1646,28.1933,5328300
2013-10-23,28.0441,28.1015,27.4704,27.5851,5438600
2013-10-24,27.5392,27.9695,27.3097,27.8605,4962600
2013-10-25,27.9982,28.5777,27.8261,28.572,4303100
2013-10-28,28.6293,28.8015,28.3998,28.6006,4292300
2013-10-29,27.9982,28.8588,27.304,27.6827,8328900
2013-10-30,27.981,28.6007,27.9294,28.3999,3561200
2013-10-31,28.1933,29.0654,27.8491,27.9351,4945300
2013-11-01,27.9466,28.3539,27.7114,28.2277,4463000
2013-11-04,28.3712,28.5548,28.0786,28.2621,3662500
2013-11-05,28.2105,28.2564,27.5106,27.8089,3798300
2013-11-06,28.0327,28.0958,27.5966,27.8089,3062600
2013-11-07,28.0404,28.1157,27.2011,27.2358,4108000
2013-11-08,27.2937,27.9015,27.2937,27.8899,3412800
2013-11-11,27.9073,27.9305,27.5079,27.7279,2615300
2013-11-12,27.5658,27.9073,27.5021,27.6758,2612700
2013-11-13,27.641,28.2315,27.5195,28.2315,2608100
2013-11-14,27.9536,29.0303,27.9536,29.0072,4034600
2013-11-15,29.0014,29.0708,28.0347,28.3299,4216100
2013-11-18,28.5557,28.5962,27.9884,28.0752,2739500
2013-11-19,27.9884,28.1794,27.5716,27.6989,3854200
2013-11-20,27.8899,28.0636,27.5368,27.6237,2740700
2013-11-21,27.9247,27.9884,27.3516,27.9189,2593500
2013-11-22,28.0115,28.0578,27.6063,27.9826,2711700
2013-11-25,27.9536,28.5904,27.9536,28.052,2669900
2013-11-26,28.2199,28.353,27.8147,28.2488,2829700
2013-11-27,28.3936,28.6309,28.0925,28.3762,2125800
2013-11-29,28.3646,28.5962,28.1446,28.3878,1405600
2013-12-02,28.382,29.2619,28.382,28.8509,3086700
2013-12-03,28.8509,28.8509,28.1678,28.7351,3119400
2013-12-04,28.602,29.4355,28.573,28.9203,3491700
2013-12-05,28.9261,29.3198,28.8046,28.8509,2806600
2013-12-06,29.2908,29.7829,29.175,29.7655,2657700
2013-12-09,29.8176,29.9449,29.3197,29.3545,2418700
2013-12-10,29.2329,29.7423,28.984,29.4876,1716600
2013-12-11,29.505,29.5224,28.6135,28.6946,2591700
2013-12-12,28.793,28.9956,28.5093,28.6019,2426900
2013-12-13,29.4297,29.4297,28.6251,28.9435,2713100
2013-12-16,29.0708,30.0202,29.0708,29.7192,3095800
2013-12-17,29.9276,31.0506,29.7713,30.6511,5239600
2013-12-18,30.6048,30.6396,29.777,30.4775,4859200
2013-12-19,30.4775,30.5875,30.0202,30.3849,2773600
2013-12-20,30.6106,32.4399,30.4775,32.2199,10019000
2013-12-23,32.4051,32.5035,31.9073,32.4225,3885200
2013-12-24,32.1851,32.6656,32.1851,32.382,1008300
2013-12-26,32.4225,32.5209,32.0288,32.4283,1636400
2013-12-27,32.573,32.7872,32.1041,32.2199,2358200
2013-12-30,31.861,33.0303,31.861,32.7235,2031900
2013-12-31,32.8508,33.0361,32.2199,32.5093,2138300
2014-01-02,32.3762,32.3762,31.8841,32.0752,3023500
2014-01-03,32.1909,33.0766,32.0173,32.8914,3049400
2014-01-06,32.8451,33.3255,32.7351,32.9666,3258100
2014-01-07,33.0419,34.2459,32.8914,34.0375,4676400
2014-01-08,34.026,35.1953,33.9854,34.518,4520200
2014-01-09,34.5585,34.5643,33.3197,33.5802,3896600
2014-01-10,33.777,33.9681,33.4008,33.8002,2044500
2014-01-13,33.9507,34.8248,33.8002,33.887,3506600
2014-01-14,34.1533,35.0216,33.8986,34.9232,3112600
2014-01-15,34.9522,35.4963,34.8537,35.2184,2682900
2014-01-16,35.3168,35.3689,34.9695,35.1142,2212700
2014-01-17,34.9348,35.5368,34.5585,35.4268,3437000
2014-01-21,35.9478,36.3298,35.3342,35.45,2869600
2014-01-22,35.6642,35.9189,35.2705,35.311,3301500
2014-01-23,34.6048,35.2358,34.5527,35.1605,3985500
2014-01-24,34.9695,34.9869,33.8407,33.9044,3498900
2014-01-27,33.9044,34.0781,33.4992,33.6034,4236400
2014-01-28,31.0969,31.6063,29.2329,29.8234,17575200
2014-01-29,29.8118,31.2358,29.7249,31.0563,5861100
2014-01-30,31.0564,31.421,30.6454,30.738,4392200
2014-01-31,30.3906,30.8711,30.1707,30.599,3402900
2014-02-03,30.6859,30.9174,29.2503,29.5744,4608700
2014-02-04,29.6266,29.8118,28.5383,28.9377,4807900
2014-02-05,28.8103,29.2156,27.9073,28.4283,6074400
2014-02-06,28.4341,29.0298,28.4341,28.7261,3545300
2014-02-07,28.9013,29.2984,28.5509,28.9188,3575800
2014-02-10,28.9188,29.2342,28.5801,29.1349,3161300
2014-02-11,29.0882,29.1991,28.7845,28.8312,2919700
2014-02-12,29.0415,29.3568,28.7145,28.7378,3547900
2014-02-13,28.6794,29.1991,28.4458,28.9655,3320300
2014-02-14,28.878,29.4444,28.8663,29.2809,2690300
2014-02-18,29.497,29.7656,29.024,29.0298,2940400
2014-02-19,28.9948,29.1524,28.621,28.6327,2390000
2014-02-20,28.7787,29.4094,28.6327,29.2108,3000400
2014-02-21,30.1043,30.2503,29.6313,29.6371,3686800
2014-02-24,29.7423,30.1802,29.4911,29.8766,2698500
2014-02-25,30.081,30.081,29.4094,29.6021,1958000
2014-02-26,29.6663,30.6474,29.5379,30.2094,2697300
2014-02-27,30.1861,30.3846,29.8065,30.3204,2033700
2014-02-28,30.3671,30.7584,29.97,30.4781,4163100
2014-03-03,30.2211,30.6065,29.9817,30.5365,2555200
2014-03-04,30.7584,31.1672,30.6474,31.0562,3121600
2014-03-05,30.9102,31.2081,30.5482,30.6942,2590700
2014-03-06,30.6883,30.6883,28.9247,29.2576,6315300
2014-03-07,29.3743,29.5612,28.3816,28.7845,5123800
2014-03-10,28.8896,29.6255,28.8196,29.2809,3592900
2014-03-11,29.4386,29.6722,28.8312,29.1291,3179600
2014-03-12,28.9422,29.7831,28.8663,29.6371,2910800
2014-03-13,29.5962,29.7539,28.9305,29.0648,3383900
2014-03-14,28.9714,29.6488,28.9714,29.2867,2066800
2014-03-17,29.386,30.2678,29.3743,29.6196,3092100
2014-03-18,29.5087,30.3788,29.4619,30.3262,3275000
2014-03-19,30.2036,30.6941,29.9875,30.1744,3186400
2014-03-20,30.2211,31.3365,30.0868,31.0095,3513900
2014-03-21,31.4942,31.9672,31.0153,31.2372,6306600
2014-03-24,31.2606,31.3657,30.4547,30.9511,3426700
2014-03-25,31.0912,32.5454,30.9628,32.195,4555600
2014-03-26,32.3527,33.141,32.3527,32.4402,4493200
2014-03-27,32.8315,32.8782,31.8037,32.0081,3485200
2014-03-28,32.0957,32.6563,31.8621,32.0723,2008600
2014-03-31,32.23,33.0943,31.8972,32.7965,2227400
2014-04-01,33.1002,33.6491,32.9366,33.287,3069600
2014-04-02,33.3045,33.5206,32.8724,33.3805,2980900
2014-04-03,33.4447,33.5965,33.0009,33.5148,2625500
2014-04-04,33.725,34.0754,32.7089,32.7381,4256400
2014-04-07,32.7381,32.9542,31.7862,32.0957,3444900
2014-04-08,32.1891,32.668,31.9789,32.4344,2864300
2014-04-09,32.5862,32.6446,32.0723,32.522,3054000
2014-04-10,32.5512,32.6972,31.4942,31.5059,3246100
2014-04-11,31.2489,31.8446,30.9803,31.1788,2622000
2014-04-14,32.1191,32.3819,31.5701,32.0139,2807100
2014-04-15,32.0256,32.1658,31.2723,32.049,2627200
2014-04-16,32.3994,32.6096,31.9322,32.5103,1673600
2014-04-17,32.7439,32.7439,32.2067,32.4519,1916200
2014-04-21,32.4928,32.703,32.2534,32.522,1708000
2014-04-22,32.6038,32.6446,32.4111,32.5103,2207300
2014-04-23,32.4402,32.4402,31.5526,31.5993,2401500
2014-04-24,31.8738,31.9906,31.3365,31.5,1895200
2014-04-25,31.319,31.5351,30.6474,30.7876,2571700
2014-04-28,30.9511,31.1088,30.0634,30.7175,4751900
2014-04-29,31.0037,31.43,30.7642,31.2372,3768100
2014-04-30,30.665,32.2534,30.0051,30.7058,7607100
2014-05-01,30.3087,30.7584,28.9539,29.6371,5977500
2014-05-02,29.5612,30.2503,29.5145,29.8065,3088200
2014-05-05,29.5963,29.6722,29.1174,29.497,2751300
2014-05-06,29.497,29.8182,29.3101,29.351,2127800
2014-05-07,29.4503,29.6897,28.732,29.1933,3199900
2014-05-08,29.0824,29.6138,28.656,28.7787,3078000
2014-05-09,28.8371,29.0473,28.3173,28.9364,3541700
2014-05-12,29.1366,29.3723,28.9776,29.3251,2305300
2014-05-13,29.2957,30.0733,29.1425,29.9025,4452300
2014-05-14,30.0262,30.4621,29.979,30.1911,3567700
2014-05-15,29.9967,30.144,29.443,29.979,3184400
2014-05-16,29.9908,30.2206,29.5137,30.1558,2304000
2014-05-19,30.1499,30.5917,30.0321,30.468,2903200
2014-05-20,30.3561,30.4091,29.8789,29.9673,2028900
2014-05-21,30.0497,30.5092,30.0497,30.144,1522800
2014-05-22,30.1499,30.574,30.1086,30.4032,1988300
2014-05-23,30.3973,30.6153,30.2441,30.6035,2140300
2014-05-27,30.7743,31.5107,30.7213,31.4341,3237300
2014-05-28,31.334,31.5166,31.1278,31.2927,2081400
2014-05-29,31.2633,31.4812,30.9157,31.2574,1743800
2014-05-30,31.5107,31.6815,31.2633,31.6521,2979300
2014-06-02,31.6344,31.7346,31.281,31.7051,1610900
2014-06-03,31.5225,31.7817,31.4459,31.546,1738700
2014-06-04,31.5048,31.7935,31.3693,31.5932,2417400
2014-06-05,31.6933,32.0939,31.4047,32.0232,1984200
2014-06-06,32.2824,32.7419,31.9702,32.6948,3601300
2014-06-09,32.6948,32.7242,32.1234,32.194,1753100
2014-06-10,32.1823,32.3472,31.8406,32.1234,2083500
2014-06-11,32.1882,32.3237,31.8465,32.1057,1369800
2014-06-12,32.0998,32.1941,31.764,31.9407,2335700
2014-06-13,32.6182,32.8303,32.3472,32.6123,3423600
2014-06-16,32.5122,32.9717,32.4886,32.9363,2129000
2014-06-17,32.7773,33.6845,32.736,33.4724,2598200
2014-06-18,33.4194,33.6668,33.007,33.6491,1867400
2014-06-19,33.5961,33.6491,33.1189,33.331,1924600
2014-06-20,33.4606,33.7257,32.8892,33.1484,4148700
2014-06-23,33.2309,33.2309,32.6241,32.9599,1853700
2014-06-24,32.8656,33.2662,32.8126,32.9834,2951900
2014-06-25,32.7831,33.4783,32.7419,33.4429,1921300
2014-06-26,33.3781,33.5195,33.1719,33.4076,1203100
2014-06-27,33.2662,33.5902,33.1366,33.5313,1212800
2014-06-30,33.6491,33.6668,33.3722,33.4724,1676700
2014-07-01,33.7139,35.0099,33.6962,34.6859,3610800
2014-07-02,34.6034,34.8509,34.5269,34.7743,1972600
2014-07-03,34.8568,34.9333,34.2323,34.9098,1757300
2014-07-07,34.845,34.9216,34.4562,34.733,1698600
2014-07-08,34.8273,35.1277,34.1852,34.574,2359700
2014-07-09,34.5917,34.8744,34.3619,34.4503,1530700
2014-07-10,34.1204,34.845,33.9613,34.6565,1484900
2014-07-11,34.7979,35.169,34.5092,35.0217,1436300
2014-07-14,35.1866,35.3339,34.845,35.1513,2387800
2014-07-15,35.3162,35.9053,35.0983,35.1631,2104100
2014-07-16,35.4989,36.2942,35.493,36.1174,3160100
2014-07-17,35.7168,36.0232,34.8862,35.0453,3660000
2014-07-18,35.169,35.2102,34.0202,34.6329,5444600
2014-07-21,34.5445,34.8921,34.3089,34.5092,3337900
2014-07-22,34.7331,35.2397,34.4738,34.898,3195900
2014-07-23,35.0394,35.275,34.8096,34.8685,1355600
2014-07-24,35.0983,35.1454,34.3973,35.0983,1842900
2014-07-25,34.8744,35.1749,34.8627,35.0512,1050000
2014-07-28,35.0512,35.2515,34.7861,34.8332,1730800
2014-07-29,34.792,35.1454,34.4621,34.9864,1401000
2014-07-30,35.116,35.4871,35.0276,35.3987,2009200
2014-07-31,34.7743,35.5696,34.2559,34.521,3414500
2014-08-01,34.3914,34.7272,33.8199,34.2794,2999100
2014-08-04,34.2205,34.7095,33.9672,34.5799,2225600
2014-08-05,34.5151,34.7566,33.655,33.8023,2397100
2014-08-06,33.7014,33.9091,33.2681,33.7963,3584800
2014-08-07,34.0575,34.0694,33.553,33.737,2744900
2014-08-08,33.7548,33.9507,33.3631,33.8142,2005700
2014-08-11,33.9566,34.2118,33.7192,33.832,1236200
2014-08-12,33.832,33.9032,33.3987,33.7132,1356900
2014-08-13,34.657,34.657,33.7073,34.384,1924500
2014-08-14,34.2652,34.835,34.2237,34.657,1951700
2014-08-15,34.93,35.019,34.5205,34.8707,2358400
2014-08-18,35.0547,35.2802,34.93,35.1496,1444400
2014-08-19,35.0843,35.4523,35.0784,35.3692,1505000
2014-08-20,35.3633,35.7076,35.3277,35.5117,1445500
2014-08-21,35.6007,35.9034,35.4583,35.8678,1447200
2014-08-22,35.9034,36.0518,35.7491,35.8322,1226400
2014-08-25,35.9568,36.2833,35.8856,36.1824,1364500
2014-08-26,36.1349,36.3011,35.9153,36.0043,1478300
2014-08-27,35.9865,36.5504,35.9865,36.313,1943500
2014-08-28,36.2892,36.9124,36.1349,36.8531,2015700
2014-08-29,36.9421,37.3635,36.7344,37.1439,1776000
2014-09-02,37.3339,37.5535,36.3308,36.6928,3370600
2014-09-03,36.7403,36.8412,36.4435,36.6216,2740700
2014-09-04,36.6216,36.6988,35.9865,36.1824,2892900
2014-09-05,36.0815,36.4257,35.9272,36.3961,1941700
2014-09-08,37.2864,37.2864,36.2061,36.3783,1292200
2014-09-09,36.313,36.6038,36.0815,36.1052,2127800
2014-09-10,37.2211,37.2211,35.9925,36.3605,1431800
2014-09-11,36.2477,36.3842,35.5651,36.129,2470700
2014-09-12,36.4198,36.6216,35.5651,36.2121,4207300
2014-09-15,36.2952,36.3545,34.8944,34.9241,3891100
2014-09-16,34.8291,35.3811,34.3424,35.1674,4139500
2014-09-17,35.114,35.2683,34.5561,35.0072,4075100
2014-09-18,35.025,35.6007,34.9656,35.4879,2959000
2014-09-19,35.5532,35.5829,34.5976,34.6095,4673100
2014-09-22,34.3661,34.6867,34.0041,34.1881,2418300
2014-09-23,34.1762,34.283,33.6776,33.7073,2655600
2014-09-24,33.832,34.194,33.5055,34.0931,2203900
2014-09-25,34.0397,34.1347,33.2147,33.3927,2489900
2014-09-26,33.4283,33.915,33.3452,33.6954,1591800
2014-09-29,33.3749,34.016,33.1078,33.9803,2122200
2014-09-30,33.9566,34.3008,33.6776,33.9922,2311600
2014-10-01,33.8676,33.9803,32.544,32.6924,3999100
2014-10-02,32.7814,33.096,32.2769,32.9535,2314300
2014-10-03,33.1197,33.6717,33.0307,33.2859,2388600
2014-10-06,33.5055,33.7726,33.0544,33.3334,2909900
2014-10-07,33.0782,33.4521,32.7695,32.7933,2731600
2014-10-08,32.7933,33.9032,32.2769,33.8676,3948700
2014-10-09,33.6954,34.0931,33.2859,33.3749,3328100
2014-10-10,33.4402,33.7311,32.5855,32.6093,4447500
2014-10-13,31.9207,32.354,31.3213,31.4459,4587300
2014-10-14,31.7486,31.9386,31.1017,31.1966,3612600
2014-10-15,30.52,31.3094,29.9383,30.8405,5456100
2014-10-16,30.3775,31.3035,30.3122,31.0898,3184000
2014-10-17,31.3747,31.8198,31.1847,31.4281,2018500
2014-10-20,31.1313,31.992,31.1076,31.9623,2290300
2014-10-21,32.2828,32.8111,32.087,32.7695,2052800
2014-10-22,32.8111,32.9713,32.1522,32.2175,1876000
2014-10-23,33.096,33.6895,32.9238,33.5471,3630200
2014-10-24,33.6776,34.7579,33.4521,34.6392,4481900
2014-10-27,34.2474,35.3039,33.9507,34.8647,3252700
2014-10-28,34.5858,35.4108,34.5858,35.298,3043800
2014-10-29,35.3514,35.9806,35.1199,35.7491,2954000
2014-10-30,34.9834,35.8916,34.9597,35.7016,3183000
2014-10-31,36.307,37.3101,36.2061,37.2923,5946000
2014-11-03,37.3517,38.5091,37.2211,38.0877,4963400
2014-11-04,37.8502,38.5803,37.8502,37.9215,4683600
2014-11-05,37.9927,38.1589,37.5,37.8384,2614400
2014-11-06,37.9342,38.0599,37.2278,37.4313,3840000
2014-11-07,37.3774,37.6648,36.6411,36.8507,3931500
2014-11-10,36.8866,37.132,36.8147,36.9764,2192500
2014-11-11,37.0961,37.1081,36.7788,37.0003,1845000
2014-11-12,36.9644,37.4672,36.8626,37.3056,1884200
2014-11-13,37.3056,37.4792,36.9165,37.1799,1251500
2014-11-14,37.114,37.7366,37.0781,37.6348,1745500
2014-11-17,37.4553,38.5028,37.3236,38.3053,3398000
2014-11-18,38.3891,38.9099,38.3352,38.7004,2853000
2014-11-19,38.5687,38.7423,38.1975,38.6824,2045800
2014-11-20,38.4909,39.2391,38.3771,39.2331,2288800
2014-11-21,39.8198,39.8198,38.7542,38.874,4190800
2014-11-24,39.1074,39.7659,38.9398,39.5264,1986400
2014-11-25,39.5205,39.7899,39.305,39.5025,2256400
2014-11-26,39.5504,39.6761,39.0955,39.4187,1670300
2014-11-28,39.8138,39.9156,39.305,39.5744,1183800
2014-12-01,39.3948,39.8018,39.0416,39.4726,2573200
2014-12-02,39.6582,40.6279,39.3289,40.4304,3081500
2014-12-03,40.2328,40.4244,39.3948,40.0173,4069100
2014-12-04,40.0473,40.2029,39.4187,39.5624,2161100
2014-12-05,39.8318,39.8677,39.2092,39.7479,2747600
2014-12-08,39.6402,40.0293,39.287,39.6522,1825800
2014-12-09,39.0416,39.6462,38.6705,39.3648,3074000
2014-12-10,39.2451,39.5504,38.9698,39.0416,2262400
2014-12-11,39.2571,39.6222,38.9817,39.2092,2172600
2014-12-12,38.9578,39.0536,38.2754,38.3352,2238300
2014-12-15,38.7183,38.8201,37.7965,38.1377,2128100
2014-12-16,37.9521,38.874,37.6349,37.8743,1929700
2014-12-17,37.8863,39.0117,37.8503,38.9159,2533500
2014-12-18,39.6103,40.4723,39.5025,40.4723,3218900
2014-12-19,40.4364,41.4959,40.4364,40.9452,4496800
2014-12-22,40.8255,41.1547,40.7117,41.0829,1771800
2014-12-23,41.3882,41.5438,40.9811,41.0948,1465600
2014-12-24,41.2684,41.454,40.9332,41.1966,1179000
2014-12-26,41.1846,41.2984,41.005,41.1607,729600
2014-12-29,41.0589,41.2684,40.5501,40.8195,2054200
2014-12-30,40.7177,40.7835,40.2568,40.2568,1725500
2014-12-31,40.4483,40.5561,39.736,39.8078,1756700
2015-01-02,39.9096,40.2328,39.2092,39.5205,2397300
2015-01-05,39.4247,39.8078,39.0236,39.311,2269700
2015-01-06,39.4486,39.4546,38.0778,38.2275,3425800
2015-01-07,38.3771,38.7902,37.8204,38.4729,1886500
2015-01-08,38.9099,39.6103,38.6166,39.1673,3472500
2015-01-09,39.3589,40.0892,39.1912,39.7719,2545900
2015-01-12,39.6582,39.7779,38.7662,38.9338,2133100
2015-01-13,39.3229,40.0533,38.3891,38.7602,2142700
2015-01-14,38.443,38.7483,38.0778,38.6645,1927000
2015-01-15,38.6764,38.8859,37.1739,37.2817,3552200
2015-01-16,37.3295,38.0299,36.9704,37.9581,2500300
2015-01-20,38.0898,38.2993,37.3176,37.7845,1772100
2015-01-21,37.5391,38.1018,37.3535,37.8863,1724000
2015-01-22,37.8025,38.5866,37.3056,38.2754,3563300
2015-01-23,38.4011,38.5627,37.994,38.2993,2594200
2015-01-26,35.2703,36.0605,33.8336,35.3541,15325600
2015-01-27,35.3182,35.3182,33.8217,34.1629,8078000
2015-01-28,34.7675,35.1805,34.4083,34.4382,7678200
2015-01-29,34.2048,35.3002,34.121,35.1386,5046000
2015-01-30,34.8812,35.1326,33.7079,33.7858,5504500
2015-02-02,33.8277,34.6837,33.4565,34.5999,5027900
2015-02-03,34.6657,35.5457,34.6358,35.4679,4239000
2015-02-04,35.3062,36.1922,35.3062,35.8749,4049100
2015-02-05,35.9887,36.3359,35.7911,36.1623,2189500
2015-02-06,36.271,36.9958,36.12,36.2045,4216400
2015-02-09,35.9508,36.6938,35.6368,36.4824,3563200
2015-02-10,36.5065,36.9414,35.9448,36.3616,3419200
2015-02-11,36.4039,36.9173,36.1985,36.724,3024800
2015-02-12,37.0502,37.2736,36.7602,36.9414,1830000
2015-02-13,37.3461,37.8173,37.1408,37.3522,2566200
2015-02-17,37.2253,37.328,36.7179,36.9354,2318300
2015-02-18,36.881,37.0683,36.5065,36.9535,2173700
2015-02-19,36.8025,37.183,36.8025,37.1226,1291300
2015-02-20,37.1045,37.5696,36.7663,37.5575,1746900
2015-02-23,37.6421,37.7085,37.2676,37.4428,1555500
2015-02-24,37.2857,37.3703,36.2408,36.6636,3580900
2015-02-25,36.271,36.3797,35.9569,36.2529,3268900
2015-02-26,36.3253,36.7663,36.3193,36.6515,2406000
2015-02-27,36.5488,36.9535,36.3435,36.9173,2752300
2015-03-02,36.9716,38.2884,36.8569,37.183,4083600
2015-03-03,36.422,36.5367,34.918,35.528,6555700
2015-03-04,35.3227,35.3287,34.5677,35.0811,4209500
2015-03-05,35.1052,35.4858,34.6703,35.2985,3474300
2015-03-06,35.0992,35.3287,34.2777,34.3683,3771700
2015-03-09,34.3865,34.9542,34.32,34.4167,3283400
2015-03-10,34.2294,34.3079,32.7194,32.8644,6728400
2015-03-11,32.8523,33.0576,32.3147,32.8341,4559600
2015-03-12,31.8979,33.2992,31.7409,32.9429,5734400
2015-03-13,32.7617,33.0033,31.904,32.4717,4054600
2015-03-16,33.0999,33.2086,32.5986,33.1241,4261700
2015-03-17,32.8945,32.9731,32.4053,32.4174,3299200
2015-03-18,33.0093,33.6737,32.5503,33.4019,4951900
2015-03-19,33.4019,33.7522,33.4019,33.6496,2471200
2015-03-20,33.9214,34.2475,33.6435,34.1328,4848700
2015-03-23,34.1328,34.5012,33.5892,33.7341,2650800
2015-03-24,33.5469,33.8972,33.3777,33.42,2842400
2015-03-25,33.4925,33.722,32.2785,32.3811,4358300
2015-03-26,31.7107,32.7737,31.4812,32.3328,4253900
2015-03-27,32.4597,32.5623,31.759,31.8677,2938000
2015-03-30,32.1516,32.2241,31.7288,32.061,2209400
2015-03-31,31.8194,31.8194,31.2516,31.4268,3776400
2015-04-01,31.4389,31.608,30.8349,31.2818,3640900
2015-04-02,31.1489,32.0368,30.9979,31.6805,3695500
2015-04-06,31.4389,32.0127,31.4087,31.8557,2444900
2015-04-07,31.9946,32.6771,31.9764,32.4657,3338900
2015-04-08,32.5201,32.7979,32.055,32.1999,4025900
2015-04-09,31.9402,33.106,31.9402,33.0335,3384000
2015-04-10,32.967,33.8187,32.9549,33.571,3725700
2015-04-13,33.5589,33.9334,33.4261,33.4683,1938700
2015-04-14,33.8066,33.9455,33.3596,33.6858,2710600
2015-04-15,33.9878,34.4529,33.9757,34.2294,3736100
2015-04-16,33.8851,34.1569,33.4925,33.8006,4461700
2015-04-17,33.9214,35.377,33.861,34.6885,9537500
2015-04-20,35.0327,35.9267,34.8576,35.7213,4910500
2015-04-21,36.0052,36.0052,34.9844,35.2804,3509800
2015-04-22,35.0931,35.3106,34.9301,35.1717,2271300
2015-04-23,35.4556,35.8723,35.1596,35.4858,2750200
2015-04-24,35.6126,35.6549,34.9723,35.2381,2454400
2015-04-27,35.2442,35.3287,34.8515,34.9844,2214800
2015-04-28,35.0509,35.679,34.7428,35.6368,3685900
2015-04-29,35.2649,35.7404,34.5517,35.46,3996600
2015-04-30,35.1978,36.0147,35.1978,35.7952,3902600
2015-05-01,35.9538,36.6304,35.8745,36.35,3432500
2015-05-04,36.3073,36.4902,35.8074,36.0939,2074500
2015-05-05,35.7709,35.9538,34.9236,35.1735,4170400
2015-05-06,35.2832,35.3259,33.9116,34.3139,3500300
2015-05-07,34.4176,34.7772,34.192,34.3993,2291200
2015-05-08,34.6858,35.0272,34.4907,34.8931,2413500
2015-05-11,34.9662,35.0333,34.5517,34.6005,1761300
2015-05-12,34.2957,34.5151,33.8872,34.2347,1586300
2015-05-13,34.6065,34.9479,34.4359,34.4968,1653700
2015-05-14,34.7285,35.082,34.5883,35.0089,1518500
2015-05-15,35.1552,35.2832,34.6553,34.6797,2299900
2015-05-18,34.5517,34.8687,34.4785,34.6858,1789100
2015-05-19,34.6858,34.7346,33.1374,33.619,6521700
2015-05-20,33.5093,33.7897,33.1923,33.2837,3153500
2015-05-21,33.1801,33.8994,33.1009,33.7531,2885900
2015-05-22,33.7836,34.1433,33.6495,34.0091,1745100
2015-05-26,33.8202,33.936,33.1435,33.2776,2748300
2015-05-27,33.3752,33.9969,33.302,33.7348,2282200
2015-05-28,33.9055,34.7102,33.9055,34.3627,3727700
2015-05-29,34.3627,34.381,33.6861,33.9177,2711000
2015-06-01,33.9787,34.0335,33.5032,33.6495,2414600
2015-06-02,33.7044,33.9909,33.4971,33.7044,2610700
2015-06-03,33.8446,34.2103,33.747,33.936,1805400
2015-06-04,33.9116,33.9238,33.1009,33.2472,3307700
2015-06-05,33.0643,33.2472,32.7839,33.1801,2500900
2015-06-08,33.0826,33.1252,32.1072,32.3328,3769500
2015-06-09,32.412,32.4364,31.839,32.0768,4191500
2015-06-10,32.3572,32.8631,32.1621,32.668,3034800
2015-06-11,32.8144,33.2228,32.6193,33.1009,2895600
2015-06-12,32.8631,33.107,32.5583,32.6437,2264700
2015-06-15,32.4425,32.7778,32.1682,32.5339,3213600
2015-06-16,32.4303,32.6254,32.3389,32.4303,2639300
2015-06-17,32.4181,32.729,32.1743,32.4181,2008200
2015-06-18,32.4852,33.0521,32.3206,33.0033,2252300
2015-06-19,32.9363,33.0155,32.4608,32.5217,4805300
2015-06-22,32.729,32.918,32.5096,32.8387,1853500
2015-06-23,32.7961,32.9119,31.7537,31.8756,5030400
2015-06-24,31.8634,31.9975,31.4733,31.6805,3168400
2015-06-25,31.65,31.65,30.7052,30.9002,5463700
2015-06-26,30.4796,31.0831,30.1809,30.5162,6308500
2015-06-29,29.8517,30.4796,29.6384,29.8822,6360400
2015-06-30,30.2297,30.2297,28.9069,28.9556,7949600
2015-07-01,29.1812,29.3275,28.5533,28.9983,5134900
2015-07-02,29.1446,29.7542,29.0471,29.3519,4713700
2015-07-06,28.9434,29.0653,28.474,28.663,4603800
2015-07-07,28.6752,29.2421,27.8706,29.1507,6126800
2015-07-08,28.98,29.0349,28.0778,28.2851,4723200
2015-07-09,28.7301,28.8215,28.0656,28.0656,2672200
2015-07-10,28.3826,28.4619,27.773,28.0108,3489500
2015-07-13,27.578,28.5777,27.1025,28.2119,8885300
2015-07-14,28.4253,29.2482,28.3582,29.0227,6537000
2015-07-15,29.1629,29.5652,28.6752,28.8337,5312900
2015-07-16,28.8703,29.4677,28.8642,29.1995,4873600
2015-07-17,29.1995,29.6567,28.8398,29.3519,6084800
2015-07-20,29.4128,29.4128,28.6569,29.0958,5942700
2015-07-21,29.108,29.6323,29.0837,29.3275,3694100
2015-07-22,29.2482,29.9919,28.7971,29.9066,7763600
2015-07-23,28.852,29.9919,28.5106,29.2665,8724200
2015-07-24,29.3702,29.4067,28.5411,28.8459,5298900
2015-07-27,28.7362,29.4006,28.4314,29.2056,4880500
2015-07-28,29.3214,29.8578,29.1263,29.7908,4486600
2015-07-29,29.7176,30.2297,29.4555,30.126,4949500
2015-07-30,30.7113,31.5586,30.6137,31.266,7974300
2015-07-31,31.1441,32.2352,30.5467,30.8454,8155300
2015-08-03,30.9612,31.5098,30.8515,31.3696,4790600
2015-08-04,31.2355,31.6013,30.9856,31.3269,4558700
2015-08-05,31.3452,31.7537,31.0587,31.6134,5239500
2015-08-06,31.6805,31.9914,31.2477,31.2843,3895800
2015-08-07,31.272,31.4198,30.4649,30.4895,5325400
2015-08-10,30.736,31.543,30.545,31.5061,2976800
2015-08-11,31.2719,31.4937,30.9762,31.426,3671700
2015-08-12,31.1611,31.8387,30.662,31.8018,4263500
2015-08-13,31.6354,31.8757,31.4814,31.6477,3723600
2015-08-14,31.5061,32.2515,31.4937,32.0482,3813000
2015-08-17,31.6601,32.3994,31.5245,32.3131,3767000
2015-08-18,32.1098,32.3809,31.6231,32.0667,4400000
2015-08-19,31.8141,31.9373,30.4341,30.4526,6785500
2015-08-20,30.046,30.5388,29.7502,29.972,6015400
2015-08-21,29.701,31.081,29.6147,30.0152,7832800
2015-08-24,28.1608,29.9597,28.1115,29.3375,7211400
2015-08-25,30.0891,30.3786,28.5058,28.5427,6053300
2015-08-26,29.3128,29.8242,28.4134,29.5038,4102500
2015-08-27,30.009,31.044,29.8796,30.8284,3585200
2015-08-28,30.9085,31.58,30.7668,31.2227,3680000
2015-08-31,31.0995,31.7587,30.8345,31.6662,3734400
2015-09-01,30.9516,32.1098,30.89,31.1734,5924800
2015-09-02,31.2411,31.7094,30.1199,30.662,7750100
2015-09-03,30.5327,31.1672,30.0336,30.4895,4644000
2015-09-04,30.1569,30.6805,29.5408,29.701,3508700
2015-09-08,30.1938,30.6004,29.9536,30.5635,3284800
2015-09-09,30.9393,31.3644,30.5388,30.8653,4068300
2015-09-10,30.2431,30.8469,29.701,30.3232,4473900
2015-09-11,30.0336,30.3971,29.8919,30.1507,4339400
2015-09-14,30.1384,30.1815,29.6394,29.7749,3049700
2015-09-15,29.8611,30.0213,29.5777,29.9474,3272600
2015-09-16,30.0398,30.508,29.8735,30.2801,2668000
2015-09-17,29.9844,30.0583,29.3621,29.4237,3745200
2015-09-18,29.1157,29.2574,27.8589,28.1238,10100400
2015-09-21,28.1854,28.6906,28.0437,28.4627,3183200
2015-09-22,27.9883,28.1361,26.7992,26.9779,4132000
2015-09-23,27.1504,27.3537,26.4666,26.8301,3589300
2015-09-24,26.5405,27.3845,26.2078,27.1689,3904300
2015-09-25,27.249,27.3537,26.14,26.4234,3802700
2015-09-28,26.3372,26.3372,25.6842,25.9183,4796000
2015-09-29,25.9306,26.6144,25.6225,25.7396,5109300
2015-09-30,27.4215,28.3271,26.7376,27.6002,9312400
2015-10-01,27.6063,27.6309,26.1031,26.405,6315600
2015-10-02,26.0723,26.6267,25.8813,26.6021,4368400
2015-10-05,26.9101,28.0745,26.7746,27.6248,4959200
2015-10-06,27.594,28.666,27.5139,28.4627,3813100
2015-10-07,28.8569,29.5285,28.5243,29.1342,3561300
2015-10-08,29.2143,29.9289,29.1034,29.7749,2963200
2015-10-09,29.8242,30.4957,29.6886,30.2062,5099200
2015-10-12,30.3663,30.3663,29.6763,30.2,2097500
2015-10-13,30.1569,30.4526,29.9166,29.9536,2808000
2015-10-14,29.8303,30.3478,29.2882,29.4484,4271400
2015-10-15,26.0476,27.2059,24.9634,25.5301,21466700
2015-10-16,25.4254,25.4809,23.8051,24.3719,13945600
2015-10-19,24.1501,24.415,23.6758,23.8729,6879500
2015-10-20,23.7435,23.9899,23.2445,23.7312,9698700
2015-10-21,23.4663,24.3349,22.6715,22.8749,6846000
2015-10-22,23.1583,24.3103,23.0535,24.1748,8104900
2015-10-23,24.3966,25.7704,24.1933,25.3515,6726600
2015-10-26,25.2775,25.524,24.0454,24.3657,5303100
2015-10-27,24.1933,24.415,23.9776,24.1501,2525900
2015-10-28,24.2487,24.3658,23.7312,24.2364,4387600
2015-10-29,24.1871,24.1871,23.2691,23.4478,6953900
2015-10-30,24.107,24.4582,22.881,23.4478,6977100
2015-11-02,23.263,24.1193,22.9796,23.953,4854400
2015-11-03,23.953,25.2036,23.8791,24.8709,5302400
2015-11-04,24.7771,25.0399,24.0886,24.2889,4586200
2015-11-05,24.2451,24.5956,24.0511,24.3265,2826700
2015-11-06,24.2889,24.4516,23.9071,24.2889,2808900
2015-11-09,24.3014,24.3953,23.7757,23.9572,2891200
2015-11-10,23.6756,23.9384,22.6867,22.8682,4946500
2015-11-11,23.0059,23.0435,21.917,22.6054,6369100
2015-11-12,22.3989,22.5491,21.3224,21.3287,8054800
2015-11-13,21.2661,21.3287,20.2647,20.6966,7420900
2015-11-16,20.6966,21.604,20.6966,21.4664,4095400
2015-11-17,21.4851,21.7417,21.1159,21.2035,3164400
2015-11-18,21.1722,21.6917,21.1722,21.5164,2829600
2015-11-19,21.8481,22.0234,21.3287,21.4538,3392700
2015-11-20,21.5915,21.8043,21.2411,21.5352,3102800
2015-11-23,21.604,22.0296,21.5164,21.7167,4500400
2015-11-24,21.554,21.604,21.191,21.4476,3089200
2015-11-25,21.3412,21.8106,21.1096,21.6353,2394600
2015-11-27,21.5978,21.7793,21.4351,21.6666,911900
2015-11-30,22.1923,22.5115,21.723,22.4927,6184200
2015-12-01,22.6242,22.9183,22.3238,22.8495,4034700
2015-12-02,22.6492,22.7556,21.5039,21.6166,5145500
2015-12-03,21.7542,21.8481,20.9469,21.1347,4558000
2015-12-04,21.0971,21.6854,20.9031,21.5602,4357700
2015-12-07,21.5602,22.0484,21.3099,21.967,3640700
2015-12-08,21.773,22.2612,21.5477,22.1736,3799400
2015-12-09,22.0108,22.8307,21.9357,22.3551,3649600
2015-12-10,22.3676,22.8432,22.2174,22.668,4904600
2015-12-11,22.2987,22.8808,21.5352,22.5178,5420100
2015-12-14,22.5553,22.6367,20.9031,21.0721,4997700
2015-12-15,21.2223,21.917,21.1221,21.4351,4141600
2015-12-16,21.6479,21.8982,21.3224,21.7668,3919800
2015-12-17,21.8544,21.9044,20.9344,21.2285,4021800
2015-12-18,21.0909,21.7104,20.9719,21.3412,6627300
2015-12-21,21.4601,21.8919,21.3725,21.7167,2476200
2015-12-22,21.6353,22.2737,21.3725,22.1861,2926900
2015-12-23,22.3112,23.3126,22.1923,22.9183,3804700
2015-12-24,22.8307,23.3189,22.8244,22.9371,1818500
2015-12-28,22.9809,23.2688,22.693,22.9934,2366000
2015-12-29,23.1812,23.4315,23.0184,23.25,3351000
2015-12-30,23.1561,23.7444,23.1561,23.2688,2704000
2015-12-31,23.1624,23.3752,22.9058,22.9433,2391700
2016-01-04,22.5491,22.7994,21.9733,22.6993,4653200
2016-01-05,22.8432,23.081,22.4802,22.7368,3092700
2016-01-06,22.3112,22.4802,21.4851,21.748,4120900
2016-01-07,21.3099,21.7855,21.1284,21.6166,5974800
2016-01-08,21.5164,21.6103,20.1271,20.3649,9802300
2016-01-11,20.7279,20.7279,19.182,19.6201,7834300
2016-01-12,19.8517,19.9894,19.0381,19.7578,6090000
2016-01-13,19.7703,20.3086,19.3698,19.4449,4734000
2016-01-14,19.52,20.296,19.0569,20.0958,5229900
2016-01-15,19.0756,19.5513,18.7189,19.3322,8660100
2016-01-19,19.689,19.858,18.3935,18.6689,5466900
2016-01-20,18.2683,18.4623,17.3671,18.2871,6750500
2016-01-21,18.431,18.4435,17.1543,17.2482,10447100
2016-01-22,17.6738,17.8427,16.9165,17.4798,8349800
2016-01-25,17.2795,17.3295,16.4909,16.5222,6461800
2016-01-26,16.5848,17.6112,16.5848,17.3608,5956800
2016-01-27,17.1481,17.4735,16.7287,16.8789,4982500
2016-01-28,17.0041,17.0667,16.4283,16.7475,8695500
2016-01-29,18.1619,18.8691,17.5549,18.1807,12431000
2016-02-01,18.1869,19.3573,17.8991,19.0318,7997400
2016-02-02,18.5937,19.2697,17.6925,17.9053,6713400
2016-02-03,18.8879,19.6076,18.6313,19.1007,9232900
2016-02-04,19.132,21.0408,19.1257,20.1458,11677300
2016-02-05,20.0054,20.3692,19.4692,20.165,7819000
2016-02-08,19.7309,19.9735,18.9521,19.3798,4843100
2016-02-09,19.1309,19.2841,18.4798,18.7734,5722000
2016-02-10,18.9777,19.6352,18.933,19.2713,5512100
2016-02-11,18.8181,19.0224,18.2819,18.5308,5989400
2016-02-12,18.8372,19.1053,18.1989,19.0734,4263000
2016-02-16,19.2649,20.1267,19.0543,19.999,4966400
2016-02-17,20.1139,20.682,20.0565,20.4076,5097300
2016-02-18,20.3182,21.48,20.1331,21.1353,5550200
2016-02-19,20.7076,20.8927,19.8011,20.0054,4411600
2016-02-22,20.4139,20.7714,20.1522,20.5735,4554500
2016-02-23,20.4522,20.465,19.5713,19.6224,4239100
2016-02-24,19.3862,19.9479,18.6585,19.8394,4672600
2016-02-25,19.7947,19.7947,19.0224,19.7373,3040400
2016-02-26,19.9926,20.5097,19.8586,20.2288,3485600
2016-02-29,20.1969,20.4203,19.9479,20.0182,3555800
2016-03-01,20.299,21.614,20.2033,21.2119,6653800
2016-03-02,21.2438,21.8183,20.9501,21.6587,4881000
2016-03-03,21.5374,22.3864,21.5055,22.1821,4239200
2016-03-04,22.2906,22.763,21.9715,22.0417,5198400
2016-03-07,21.8502,23.1269,21.5566,22.6481,5139400
2016-03-08,22.4949,22.5907,21.7864,21.8566,5744100
2016-03-09,21.9332,22.4183,21.6395,21.8374,4585900
2016-03-10,21.914,22.4885,21.6842,22.3098,4281500
2016-03-11,22.763,23.0949,22.5013,23.0886,3333100
2016-03-14,22.7885,22.9737,21.9906,22.5715,6751600
2016-03-15,22.5651,22.6609,21.6459,22.0991,3614500
2016-03-16,21.8757,22.3098,21.5757,22.0162,4212700
2016-03-17,22.1374,22.6928,21.9906,22.297,4231600
2016-03-18,22.4502,23.612,22.3162,23.3439,11672900
2016-03-21,23.2098,23.5865,23.0183,23.3247,2886800
2016-03-22,23.1779,23.9056,23.0439,23.6439,4086200
2016-03-23,23.4396,23.4907,22.1821,22.214,4559800
2016-03-24,22.08,22.1502,20.682,21.2119,8570000
2016-03-28,21.4863,21.697,21.2246,21.4097,3924600
2016-03-29,21.1991,21.6587,20.7331,21.5757,3537100
2016-03-30,21.7225,22.0672,21.4161,21.8119,3719900
2016-03-31,21.6906,22.1055,21.6331,21.9906,2741200
2016-04-01,21.6395,21.78,21.2821,21.5055,4555700
2016-04-04,21.4927,21.6012,21.2118,21.4161,2313200
2016-04-05,21.2374,21.3204,20.8416,20.9757,3464300
2016-04-06,20.9757,21.5246,20.4331,21.5246,3526000
2016-04-07,21.2565,21.448,20.8416,21.1353,3183000
2016-04-08,21.314,21.78,21.1161,21.2119,2972900
2016-04-11,21.9268,22.846,21.8374,22.3289,7545200
2016-04-12,22.3034,22.4566,21.7225,22.3672,4681500
2016-04-13,22.1694,22.4247,21.6076,21.6587,7300200
2016-04-14,18.9394,19.0543,17.1903,17.3052,48458900
2016-04-15,17.2159,17.3116,16.3031,16.335,19415600
2016-04-18,16.2839,16.769,16.0477,16.4563,10781300
2016-04-19,16.4946,16.6733,16.0733,16.169,8957100
2016-04-20,16.2328,16.6031,16.0988,16.386,8669500
2016-04-21,16.4307,16.5712,16.1052,16.2328,8587500
2016-04-22,16.2648,16.4307,15.9647,16.1626,7220700
2016-04-25,16.169,16.8393,16.1243,16.7818,7857800
2016-04-26,16.9414,17.2989,16.8776,17.235,7447600
2016-04-27,17.235,17.484,16.9159,17.4521,7210200
2016-04-28,17.3244,17.6116,17.101,17.1712,7380400
2016-04-29,16.7052,16.7371,13.7944,13.8965,24443200
2016-05-02,13.4944,13.5072,12.9007,13.0731,18806300
2016-05-03,13.0092,13.0667,12.3198,12.4092,13705500
2016-05-04,12.6454,13.0731,12.6071,12.8624,11708700
2016-05-05,12.8944,13.0348,12.7029,12.7731,7901700
2016-05-06,12.7467,12.7863,12.3974,12.5688,8456900
2016-05-09,12.6017,12.7138,12.3315,12.4303,8927200
2016-05-10,12.3578,12.7731,12.2524,12.6874,6101000
2016-05-11,12.6544,12.8192,12.3183,12.3381,5394200
2016-05-12,12.4303,12.4369,12.1403,12.3842,10122100
2016-05-13,12.3381,12.8324,12.2788,12.5819,6507400
2016-05-16,12.5753,12.7599,12.5094,12.6281,7248800
2016-05-17,12.5424,13.3531,12.5424,12.9444,7165900
2016-05-18,12.9049,13.5376,12.8983,13.3399,7862400
2016-05-19,13.2806,13.5508,13.1883,13.5244,8915800
2016-05-20,13.5376,13.7881,13.3728,13.4519,7197800
2016-05-23,13.6101,13.8935,13.4519,13.709,4304200
2016-05-24,13.8869,13.9067,13.6299,13.7617,4871500
2016-05-25,13.9858,14.3417,13.9726,14.1571,6800000
2016-05-26,14.1242,14.2758,13.9462,14.2033,5244300
2016-05-27,14.1835,14.4669,13.9858,14.2758,4165900
2016-05-31,14.3615,14.8953,14.2362,14.869,8221700
2016-06-01,14.691,15.1985,14.5262,15.1655,6727600
2016-06-02,15.3237,15.6928,15.2315,15.6533,8292300
2016-06-03,15.6071,15.7521,15.3699,15.5808,7702300
2016-06-06,15.5478,15.8049,15.5346,15.7455,4050300
2016-06-07,15.7917,16.3387,15.7785,16.2464,5741100
2016-06-08,16.3124,16.4112,15.851,15.9828,7107800
2016-06-09,15.8642,15.9696,15.5808,15.9103,6315300
2016-06-10,15.6796,15.7719,15.2315,15.2512,5599300
2016-06-13,15.2315,15.4555,14.9349,14.9481,5398500
2016-06-14,14.8558,15.2117,14.6976,15.0008,4012200
2016-06-15,15.1062,15.3369,14.869,14.9744,4369900
2016-06-16,14.9019,14.9612,14.546,14.9546,4273300
2016-06-17,15.0337,15.3962,14.9744,15.304,7652100
2016-06-20,15.5083,15.8115,15.3567,15.4424,4353900
2016-06-21,15.4094,15.7653,15.2908,15.7258,3550500
2016-06-22,15.7258,15.9762,15.6665,15.7324,3949300
2016-06-23,15.9235,16.2662,15.8905,16.1344,4714600
2016-06-24,15.4292,15.7653,15.1655,15.2644,6496800
2016-06-27,15.159,15.2051,13.6892,13.7551,6672700
2016-06-28,14.1571,14.8953,14.1242,14.8492,6165100
2016-06-29,15.3171,15.8576,15.0996,15.7851,8997000
2016-06-30,15.6862,16.0619,15.2908,16.0553,8335400
2016-07-01,15.9565,15.9565,15.7719,15.8378,4944400
2016-07-05,15.673,15.6862,15.0865,15.2644,3785000
2016-07-06,14.7306,15.5808,14.5592,15.5017,6386800
2016-07-07,15.8312,16.0421,15.4951,15.6401,7493500
2016-07-08,15.9499,15.9565,15.4951,15.8246,6369800
2016-07-11,15.9103,16.0355,15.7785,15.8774,5236900
2016-07-12,18.1117,19.4694,18.1051,19.3442,29492300
2016-07-13,19.3442,19.8714,19.0937,19.6605,10546600
2016-07-14,19.7923,19.9637,19.1398,19.2387,7786500
2016-07-15,19.3771,19.3969,18.6521,19.0476,6444400
2016-07-18,19.2453,20.0823,19.1135,19.8714,7113000
2016-07-19,20.0032,20.135,19.5814,19.766,3351600
2016-07-20,19.7923,20.1021,19.5814,20.1021,3760900
2016-07-21,20.0889,20.7941,20.0362,20.5766,7436700
2016-07-22,20.6821,20.9325,20.4712,20.8139,4602600
2016-07-25,20.8403,20.9787,20.6294,20.7216,4319300
2016-07-26,20.6162,21.4005,20.4316,21.3873,4435500
2016-07-27,21.44,21.7696,20.9589,21.1237,4490400
2016-07-28,21.1369,21.5059,20.9325,21.4862,4133100
2016-07-29,21.15,21.3609,20.603,21.1105,6416000
2016-08-01,21.0907,21.3807,20.9589,21.3741,7349600
2016-08-02,21.9475,22.2441,19.9505,20.201,14367000
2016-08-03,20.1944,20.4975,19.8319,20.2537,6056900
2016-08-04,20.3921,20.6887,20.2405,20.603,4459400
2016-08-05,20.748,21.4071,20.748,21.1764,5094900
2016-08-08,21.2423,21.585,21.2159,21.4928,5216500
2016-08-09,21.4862,21.5191,21.2555,21.4137,3238800
2016-08-10,21.44,21.5059,20.6294,20.6821,4537600
2016-08-11,20.6953,21.0775,20.6953,20.926,2330400
2016-08-12,20.9325,21.005,20.6491,20.7941,2250200
2016-08-15,20.8073,21.3412,20.8073,21.0907,3627400
2016-08-16,21.0907,21.585,21.0248,21.3939,3174100
2016-08-17,21.4137,21.4269,20.7612,20.9457,3514700
2016-08-18,20.9721,21.4137,20.8535,21.1369,2352500
2016-08-19,21.0314,21.5653,21.0314,21.3082,2659100
2016-08-22,21.2291,21.3082,20.6623,21.005,2807000
2016-08-23,21.2094,21.4071,21.071,21.1698,2565800
2016-08-24,21.1764,21.3544,20.715,20.8139,2772700
2016-08-25,20.7019,21.2555,20.7019,21.1237,2591600
2016-08-26,21.2423,22.0662,21.2291,21.9673,6087200
2016-08-29,22.0266,22.3891,22.0266,22.2309,3972300
2016-08-30,22.0794,22.5012,22.0794,22.3562,2928700
2016-08-31,22.1453,22.5012,21.9607,22.2375,5297500
2016-09-01,22.2507,22.4616,21.9739,22.2178,4149500
2016-09-02,22.2705,22.5737,22.0596,22.3562,2723700
2016-09-06,22.4748,22.7846,22.2903,22.7187,4357200
2016-09-07,23.4371,24.1555,23.2525,24.0632,9483800
2016-09-08,24.0434,24.1093,23.6282,23.9314,4738300
2016-09-09,24.2346,25.0189,23.7205,23.7864,7724200
2016-09-12,23.615,24.195,23.1075,24.0896,6149700
2016-09-13,23.76,24.0566,23.3778,23.8193,4716900
2016-09-14,23.7864,24.1423,23.3712,23.7732,4066300
2016-09-15,23.8127,24.1489,23.7468,24.0237,4246900
2016-09-16,24.5971,24.5971,23.7996,23.9907,8966600
2016-09-19,24.3328,24.4803,23.8096,24.1114,4950100
2016-09-20,24.259,24.2858,23.6956,23.8297,2624600
2016-09-21,23.7425,24.6279,23.7425,24.6077,3641100
2016-09-22,24.6547,24.8827,24.3864,24.4132,2585400
2016-09-23,24.259,24.715,24.259,24.4535,2497600
2016-09-26,24.3931,25.0973,24.2657,24.9498,5411700
2016-09-27,24.8291,25.8418,24.8157,25.768,6853000
2016-09-28,25.9625,26.1839,25.2516,25.6272,4971500
2016-09-29,25.5668,26.0631,25.0906,25.3455,4046500
2016-09-30,25.4461,26.0564,25.4461,25.8552,3840000
2016-10-03,25.8619,26.3784,25.6205,25.7613,3671000
2016-10-04,25.8955,26.1503,25.5199,25.6473,3593600
2016-10-05,25.7479,26.0967,25.5065,25.8485,2679700
2016-10-06,25.6272,25.6943,25.1309,25.3589,4165300
2016-10-07,25.4394,25.654,25.2047,25.4126,3340100
2016-10-10,25.5802,25.8619,25.2583,25.4662,4466600
2016-10-11,25.6339,25.6339,23.3602,23.5413,14457900
2016-10-12,23.8163,24.145,23.5749,23.6285,5153100
2016-10-13,23.3133,23.8297,22.5219,23.595,7302300
2016-10-14,23.7157,24.1517,23.4541,23.5816,5413500
2016-10-17,23.6285,23.8566,23.2395,23.481,4548300
2016-10-18,23.7023,23.8901,23.3535,23.7023,5505100
2016-10-19,23.4407,23.6755,22.4951,23.0182,10115000
2016-10-20,23.1322,23.6621,23.0718,23.4608,5159200
2016-10-21,23.3401,23.4743,22.8908,23.1389,4484100
2016-10-24,23.2731,23.3535,23.1322,23.1523,2949600
2016-10-25,23.5011,23.5011,22.9042,22.9847,4172300
2016-10-26,22.9109,23.5413,22.8706,23.367,5638800
2016-10-27,23.709,23.9974,22.9444,22.9645,6846000
2016-10-28,22.9511,23.3401,22.8237,22.9042,3142900
2016-10-31,23.0651,23.2395,22.9847,23.0115,3121400
2016-11-01,23.0517,23.2261,22.1731,22.6091,4147100
2016-11-02,22.5822,22.703,21.878,21.8981,5446200
2016-11-03,21.8914,22.3207,21.764,22.1865,3855900
2016-11-04,22.106,22.5822,21.9987,22.1329,3641400
2016-11-07,22.5085,23.3401,22.4481,23.2395,4564600
2016-11-08,23.092,23.32,22.7097,23.1322,2676800
2016-11-09,22.4012,23.6889,21.8512,23.3133,6167000
2016-11-10,23.4743,24.5675,23.4206,24.259,6204000
2016-11-11,24.0578,25.0303,23.8834,24.9833,4736200
2016-11-14,24.9163,25.7815,24.9163,25.4863,5205800
2016-11-15,25.5802,25.8888,25.3589,25.8284,3526600
2016-11-16,25.6004,25.9827,25.5333,25.6607,2607400
2016-11-17,25.7546,26.3583,25.7211,26.3113,4720700
2016-11-18,26.2912,26.479,25.8217,26.3515,2394400
2016-11-21,26.3717,26.7808,26.2308,26.707,2177700
2016-11-22,26.7942,26.8948,26.0967,26.1302,4799300
2016-11-23,25.9424,26.2174,25.7412,26.0363,2805700
2016-11-25,26.09,26.318,25.7882,26.204,1802300
2016-11-28,26.0967,26.5058,25.8418,26.4052,3177600
2016-11-29,26.432,27.0088,26.3784,26.4924,3996200
2016-11-30,26.5796,27.0021,26.5393,26.8948,3961900
2016-12-01,27.3173,27.4783,25.5065,25.5601,5532700
2016-12-02,25.6875,26.1704,25.5199,26.0698,4144600
2016-12-05,25.0839,26.5796,25.0839,26.2644,3813200
2016-12-06,26.1772,26.4857,26.157,26.2576,3408900
2016-12-07,26.6668,27.0625,26.09,27.0088,7636400
2016-12-08,27.0222,27.0759,26.2509,26.3113,3584300
2016-12-09,26.4253,26.9216,24.4803,26.4119,4125500
2016-12-12,26.4052,26.4186,25.7814,26.2711,3836400
2016-12-13,26.3046,27.8002,26.2107,27.3911,5722100
2016-12-14,27.4112,27.4917,26.8277,26.9619,4504900
2016-12-15,27.0491,27.4783,26.5997,27.2301,2927800
2016-12-16,27.4045,27.4112,26.1637,26.2241,8418500
2016-12-19,26.2446,26.6468,26.1287,26.3877,4271300
2016-12-20,26.5036,26.7899,26.2446,26.4218,3301300
2016-12-21,26.3196,26.9603,26.3196,26.5241,3136400
2016-12-22,26.7695,27.0217,26.415,26.599,3098800
2016-12-23,26.4968,26.7354,26.2991,26.6604,2473000
2016-12-27,26.6058,26.9399,26.5854,26.8444,1940000
2016-12-28,26.8512,26.9671,26.3604,26.4422,2592800
2016-12-29,26.4422,26.6808,25.7878,25.9174,2710800
2016-12-30,26.0264,26.3536,25.8969,26.0196,2897500
2017-01-03,26.2173,27.3352,26.1764,27.008,5129300
2017-01-04,27.083,27.4511,26.5377,26.6672,3842700
2017-01-05,26.6331,26.7422,26.2923,26.6195,2889500
2017-01-06,26.6263,26.7217,26.0264,26.2378,4529200
2017-01-09,26.2377,26.4082,25.9174,25.9378,3263400
2017-01-10,25.9719,26.34,25.6106,25.6515,4266900
2017-01-11,25.6311,25.9446,24.6903,25.1334,6268100
2017-01-12,25.0789,25.113,24.295,25.0516,3849600
2017-01-13,25.0516,25.4879,25.0516,25.1539,2515300
2017-01-17,25.3175,25.781,25.0516,25.2357,3291300
2017-01-18,25.297,25.5493,25.0516,25.3857,2866800
2017-01-19,25.2902,25.4334,24.629,24.7721,2958700
2017-01-20,24.7858,25.2561,24.7585,24.8608,3041400
2017-01-23,24.9971,25.0039,24.2268,24.7926,4955500
2017-01-24,25.8083,25.9037,24.9494,25.522,8551300
2017-01-25,28.9372,31.8207,28.7395,29.0871,46074200
2017-01-26,29.0531,30.5323,29.0531,29.9256,14711900
2017-01-27,30.0415,30.6686,29.7347,30.3346,7679900
2017-01-30,30.2664,30.8186,30.0688,30.6073,6863600
2017-01-31,30.5732,30.805,30.1506,30.7777,5597600
2017-02-01,31.0913,31.1186,30.0279,30.5255,5382100
2017-02-02,30.1915,31.1731,30.1915,30.8595,5447300
2017-02-03,30.8868,31.6025,30.88,31.5548,5768000
2017-02-06,31.3844,31.623,30.73,30.9754,4651800
2017-02-07,31.0027,31.6707,30.7709,31.4253,4946800
2017-02-08,31.0504,31.4185,30.7709,31.2208,4852600
2017-02-09,31.6639,31.7866,31.1867,31.6094,3452400
2017-02-10,31.7048,31.7661,31.2412,31.6707,3657800
2017-02-13,31.9638,32.775,31.7525,32.5841,5521600
2017-02-14,32.4819,32.8159,32.291,32.6182,4105100
2017-02-15,32.6728,33.0818,32.3797,32.8227,5004200
2017-02-16,32.925,32.9591,32.2774,32.4274,4450800
2017-02-17,32.3183,32.366,31.957,32.1342,3270800
2017-02-21,32.3319,32.5364,32.0729,32.3319,3217100
2017-02-22,32.3115,32.3865,32.1683,32.2774,2658400
2017-02-23,32.3796,32.5432,32.0661,32.3047,4064600
2017-02-24,32.0252,32.5501,31.8479,32.5501,3172600
2017-02-27,32.1888,32.591,31.9638,32.5092,5420600
2017-02-28,32.3115,33.184,32.291,32.85,5592800
2017-03-01,33.1636,33.8793,32.9591,33.7294,4625300
2017-03-02,33.743,33.9407,33.0068,33.3476,4130200
2017-03-03,33.4158,33.8453,33.2317,33.3749,3098600
2017-03-06,33.1227,33.2795,32.7205,33.0681,3474100
2017-03-07,33.0954,33.1977,32.6932,32.9114,2285400
2017-03-08,32.8705,33.2317,32.6932,32.7955,2081000
2017-03-09,32.4137,32.5842,31.0708,31.8207,6329500
2017-03-10,32.1888,32.2365,31.7661,32.2297,3527000
2017-03-13,32.2774,32.5228,31.9843,32.4274,2949500
2017-03-14,32.2024,32.2842,31.3639,31.8343,3492600
2017-03-15,31.8888,32.1683,31.3639,32.0797,4056800
2017-03-16,32.2433,32.4614,31.9025,32.1956,3191600
2017-03-17,32.3524,32.4069,31.8752,31.9502,6829500
2017-03-20,31.9502,32.3302,31.6393,31.8396,3441500
2017-03-21,31.8327,31.9433,30.5821,30.7548,4693400
2017-03-22,30.6926,31.1694,30.1951,31.1003,4311100
2017-03-23,30.9898,31.4182,30.7756,31.1832,3662900
2017-03-24,32.0884,32.2542,31.0036,31.2592,5278200
2017-03-27,30.8654,31.1625,30.5959,31.0312,3164900
2017-03-28,31.0243,31.3974,30.8377,31.2869,3418200
2017-03-29,31.197,31.5702,30.7686,31.5563,2608100
2017-03-30,31.4803,32.7448,31.3698,32.5582,5955200
2017-03-31,32.42,32.503,31.7222,31.736,3387300
2017-04-03,31.5287,31.7844,30.8792,31.3007,6306700
2017-04-04,31.2454,31.8466,31.1487,31.7636,2353900
2017-04-05,32.0193,32.6135,31.7015,31.7844,3669900
2017-04-06,31.9571,32.192,31.5563,31.9571,2958200
2017-04-07,31.964,32.4546,31.5702,32.3717,3589300
2017-04-10,32.5859,33.3529,32.5652,32.8899,5389100
2017-04-11,33.5118,34.182,32.8623,33.9194,7672400
2017-04-12,33.8642,33.9194,32.9659,33.4012,4226700
2017-04-13,33.2354,33.7329,33.0557,33.2837,3791200
2017-04-17,33.415,33.7122,33.1456,33.5049,2973900
2017-04-18,33.2976,33.5809,33.0488,33.5394,3322900
2017-04-19,33.5394,33.9885,33.4703,33.5532,2957000
2017-04-20,33.0834,33.643,32.6273,33.5463,5842400
2017-04-21,33.5256,33.6569,33.0903,33.3459,3359400
2017-04-24,33.9125,34.3271,33.6707,34.1475,4584600
2017-04-25,34.4169,35.2115,34.2235,34.9006,7791500
2017-04-26,30.8239,30.9967,28.8547,29.0274,34476600
2017-04-27,29.138,29.7115,28.8754,29.2278,9673200
2017-04-28,29.5111,29.5249,28.4677,29.1103,8613100
2017-05-01,29.0758,29.2278,28.8339,29.1449,7376800
2017-05-02,29.1794,29.3383,28.9998,29.3245,6508900
2017-05-03,29.2416,29.518,29.0758,29.3729,5381400
2017-05-04,29.4213,29.5042,29.2624,29.4213,4947000
2017-05-05,29.2554,30.0984,29.1242,30.0915,4885400
2017-05-08,30.133,30.1399,29.5387,29.6217,3001400
2017-05-09,29.6217,29.7806,29.3591,29.594,2798000
2017-05-10,29.6424,29.8497,29.5595,29.7875,3493500
2017-05-11,29.7184,29.8289,29.3176,29.3522,5224800
2017-05-12,29.3522,29.7598,29.2071,29.7391,3544700
2017-05-15,29.822,30.1053,29.7046,30.0431,4448700
2017-05-16,30.1744,30.4439,29.9879,30.4024,4080500
2017-05-17,30.0293,30.1468,29.1034,29.1311,5852800
2017-05-18,29.4765,29.4765,28.7925,29.1932,4102000
2017-05-19,29.2831,29.5595,29.2693,29.3729,3272100
2017-05-22,29.6009,29.822,29.1725,29.5525,2506200
2017-05-23,29.7806,29.8289,29.3314,29.4558,2702300
2017-05-24,29.746,29.8497,29.4282,29.5249,2385100
2017-05-25,29.6286,30.0017,29.3522,29.7875,2951200
2017-05-26,29.4834,29.7115,29.1587,29.3867,3272100
2017-05-30,29.1656,30.0915,29.1656,29.8773,3566900
2017-05-31,29.9809,30.1053,29.6147,30.1053,4522300
2017-06-01,30.0984,30.0984,29.4558,29.6286,3492900
2017-06-02,29.6838,29.9533,29.6493,29.8635,2682400
2017-06-05,29.6147,29.7046,29.062,29.0758,3322200
2017-06-06,29.0205,29.2623,28.7372,28.9445,3406600
2017-06-07,29.0827,29.4075,28.8616,28.9791,2397400
2017-06-08,29.0551,29.5871,28.7303,29.5525,3210600
2017-06-09,29.6147,30.0777,28.7441,29.2762,4759000
2017-06-12,28.8478,28.979,27.8597,28.7027,6519300
2017-06-13,29.0136,29.2969,28.8685,29.0412,3981100
2017-06-14,29.1794,29.1794,28.1983,28.523,3917200
2017-06-15,27.9495,28.7787,27.915,28.6888,3694900
2017-06-16,28.6059,29.0896,28.5576,29.0412,7267700
2017-06-19,29.2166,29.5673,29.1465,29.3429,3068300
2017-06-20,29.2377,29.2797,28.7817,28.7887,3294500
2017-06-21,28.8939,29.3709,28.8168,29.2236,2799300
2017-06-22,29.4341,29.6235,29.1745,29.4691,2443800
2017-06-23,29.4691,30.339,29.42,29.9321,3597000
2017-06-26,30.1285,30.353,29.6305,29.7357,3631500
2017-06-27,28.8308,28.9009,27.7154,27.7154,9008700
2017-06-28,28.0592,28.2696,27.6663,28.1854,4744000
2017-06-29,27.9469,28.003,26.8526,27.2946,6082400
2017-06-30,27.6383,27.6734,27.014,27.1823,3872600
2017-07-03,27.3016,27.5471,27.0561,27.0701,1975100
2017-07-05,27.2174,27.4559,26.7684,27.3717,5116900
2017-07-06,26.8526,26.9649,25.9126,26.1582,9051800
2017-07-07,26.2914,27.1402,26.1091,26.7965,5852100
2017-07-10,26.7544,27.0771,26.572,26.9298,3632000
2017-07-11,26.9158,27.4699,26.9158,27.1613,3751200
2017-07-12,27.5892,28.1784,27.4629,27.8487,4980200
2017-07-13,26.3896,27.3647,26.1792,26.8807,11523700
2017-07-14,26.9368,27.8417,26.9228,27.7084,5357200
2017-07-17,27.3577,27.5331,27.049,27.4068,3813400
2017-07-18,27.3998,27.3998,26.8666,27.2384,3497300
2017-07-19,27.3577,27.6663,27.3086,27.526,4143900
2017-07-20,27.526,27.7786,27.2665,27.6523,2778800
2017-07-21,27.6944,27.8628,27.4138,27.7645,3256600
2017-07-24,27.7996,28.1504,27.519,27.8908,6279100
2017-07-25,22.6788,23.9415,22.3632,23.2891,35475700
2017-07-26,23.3943,23.4434,22.5034,22.6858,12637600
2017-07-27,22.7981,23.1699,22.5175,22.8402,7709600
2017-07-28,22.6578,22.8822,22.3631,22.8752,7865500
2017-07-31,22.9594,23.247,22.784,23.1207,7171700
2017-08-01,23.1839,23.5066,23.0787,23.4084,6029200
2017-08-02,23.4715,23.4785,23.1698,23.4434,5838400
2017-08-03,23.5066,23.6889,23.3312,23.5487,4934900
2017-08-04,23.6469,23.8713,23.4013,23.4504,6768000
2017-08-07,23.4294,23.6118,23.3172,23.4855,5520700
2017-08-08,23.4224,23.5837,23.1278,23.1418,5981500
2017-08-09,22.9664,23.1418,22.777,22.8682,4285900
2017-08-10,22.6999,22.8121,22.1036,22.1317,6368500
2017-08-11,22.6227,23.3242,22.4263,22.6508,5647200
2017-08-14,22.9033,23.261,22.8261,22.8331,4163000
2017-08-15,22.8612,22.9173,22.6297,22.6437,2938600
2017-08-16,22.6858,22.8051,22.5736,22.784,2533500
2017-08-17,22.6578,22.8682,22.0755,22.1036,3483100
2017-08-18,22.1527,22.265,21.7739,22.0054,2901000
2017-08-21,22.0755,22.1246,21.8441,22.0685,3141400
2017-08-22,22.2158,22.7139,22.1387,22.6508,2639500
2017-08-23,21.83,21.9984,21.4653,21.7529,7757300
2017-08-24,21.823,22.0475,21.7108,21.7599,4542600
2017-08-25,21.795,22.0264,21.6406,21.9212,3504800
2017-08-28,21.9844,22.2369,21.83,22.0896,2856300
2017-08-29,21.8861,22.1317,21.7108,22.0615,3357200
2017-08-30,21.9984,22.1527,21.6827,22.0966,3807000
2017-08-31,22.307,22.307,21.9282,22.1176,4289300
2017-09-01,22.1597,22.4614,22.1317,22.307,2115300
2017-09-05,22.3351,23.3943,22.3281,22.9734,8454400
2017-09-06,23.0436,23.3663,22.9033,23.0015,5927700
2017-09-07,23.0997,23.1348,22.3702,22.6858,4284300
2017-09-08,22.6648,22.6648,22.3772,22.4403,3562500
2017-09-11,21.9353,22.3,21.6687,21.7108,6630300
2017-09-12,21.7458,22.4473,21.7178,22.3702,5159400
2017-09-13,22.5315,23.0436,22.4052,22.9945,5299700
2017-09-14,22.8051,23.0015,22.6929,22.9033,3368200
2017-09-15,22.9103,23.5978,22.7279,23.5346,9565600
2017-09-18,23.6749,23.7942,22.6648,23.5136,8551000
2017-09-19,23.4135,23.535,22.6628,23.006,7963200
2017-09-20,23.0131,23.3634,22.8559,23.149,4594000
2017-09-21,23.149,23.628,22.913,23.392,4696900
2017-09-22,23.3563,24.0569,23.2777,23.9997,4397600
2017-09-25,23.8925,24.0927,23.5708,23.7066,3625700
2017-09-26,23.7209,23.9497,23.4492,23.4993,3423900
2017-09-27,23.6065,23.9282,23.2991,23.7209,3785400
2017-09-28,23.771,23.8567,23.1704,23.5779,4585600
2017-09-29,23.5851,23.7567,23.4135,23.7138,2524400
2017-10-02,24.0498,24.6503,23.9783,24.4501,7402300
2017-10-03,24.4501,24.4859,23.9711,24.3429,3755400
2017-10-04,24.3357,24.493,24.2071,24.2928,3067400
2017-10-05,24.3643,24.5073,24.1356,24.3786,3210800
2017-10-06,24.207,24.4001,23.9568,24.157,3555600
2017-10-09,24.3286,24.8934,24.1927,24.1999,3678900
2017-10-10,24.4787,24.5574,23.8496,24.1284,5237500
2017-10-11,24.0069,24.3786,23.8782,23.9497,3610700
2017-10-12,23.8782,24.1427,23.7495,24.0355,5111100
2017-10-13,24.207,24.7075,24.0641,24.5931,4178500
2017-10-16,24.636,24.7003,24.3715,24.6575,4041500
2017-10-17,24.3357,24.443,23.6995,24.2785,5936500
2017-10-18,24.3858,24.5431,24.3214,24.493,3732200
2017-10-19,24.2499,24.5574,24.1999,24.5502,4362900
2017-10-20,24.7003,25.2222,24.6003,24.9792,8315300
2017-10-23,28.3464,29.2401,26.9094,28.1319,33601200
2017-10-24,28.2392,28.8397,27.5314,27.7673,12140500
2017-10-25,27.5028,27.6529,26.8093,27.274,7430700
2017-10-26,27.3884,27.61,26.8594,27.2955,4276300
2017-10-27,27.3527,27.3527,26.3446,26.3804,5297400
2017-10-30,26.4161,26.4376,25.8228,26.2231,5870300
2017-10-31,26.3232,26.9738,26.1445,26.4304,4432600
2017-11-01,26.7236,26.9023,26.2088,26.4233,2784300
2017-11-02,26.4304,26.4519,26.0086,26.2875,2745200
2017-11-03,26.1659,26.4376,25.8514,25.9729,2280100
2017-11-06,25.9371,26.8308,25.787,26.7807,3186100
2017-11-07,26.7593,26.8022,26.3375,26.5377,2842300
2017-11-08,26.4805,27.3098,26.2589,26.9595,4241200
2017-11-09,26.5448,27.2597,26.5448,26.745,4349600
2017-11-10,26.5949,27.224,26.5949,27.1597,3011500
2017-11-13,27.0953,27.1239,26.6807,26.9237,2305600
2017-11-14,26.8951,27.1167,26.6878,26.8022,2598800
2017-11-15,26.695,27.0596,26.6235,27.031,3497300
2017-11-16,27.1382,28.0819,27.1168,27.9675,5258400
2017-11-17,28.0533,28.3107,27.7244,28.182,3154700
2017-11-20,28.1248,28.6467,27.9389,28.4894,3993100
2017-11-21,28.6324,29.0542,28.568,28.6967,3848100
2017-11-22,28.6109,28.9326,28.4679,28.8326,2364900
2017-11-24,28.854,28.9898,28.5752,28.8039,1340100
2017-11-27,28.2177,28.3822,27.5672,27.9389,5631700
2017-11-28,28.1534,28.6324,27.8531,28.5823,3809300
2017-11-29,28.5609,28.9541,27.6386,27.703,6069800
2017-11-30,27.8746,27.9961,27.3169,27.5672,6782500
2017-12-01,27.3884,28.0819,26.6306,27.9604,5125100
2017-12-04,28.4251,28.6109,27.7244,28.0247,4592200
2017-12-05,28.2535,28.5609,27.9103,27.9746,3945600
2017-12-06,28.0033,28.1033,27.5672,28.0104,2520300
2017-12-07,27.9961,28.6681,27.8674,28.2964,3725000
2017-12-08,28.4751,29.0399,28.2964,28.9469,5502100
2017-12-11,28.8468,29.4045,28.7182,28.9326,3740700
2017-12-12,29.0756,30.434,29.0256,30.1123,6354900
2017-12-13,30.291,30.4912,29.9836,30.0837,4509100
2017-12-14,30.1766,30.2338,29.9121,29.9836,3301600
2017-12-15,30.1694,30.1766,29.6047,30.0408,6241800
2017-12-18,30.2838,30.7914,30.1909,30.7342,4628900
2017-12-19,30.6254,31.0027,30.4295,30.6036,4553200
2017-12-20,30.7923,30.8358,30.0087,30.132,3321900
2017-12-21,30.2699,30.8576,30.1756,30.444,3425300
2017-12-22,30.4222,30.756,30.4005,30.5964,1713300
2017-12-26,30.4658,30.9809,30.2626,30.5746,2968800
2017-12-27,30.6472,30.8285,30.2771,30.5528,1934600
2017-12-28,30.6109,30.6617,30.2844,30.4875,1368800
2017-12-29,30.4803,30.727,30.3569,30.3569,1866400
2018-01-02,30.727,31.3002,30.4077,31.1478,2888400
2018-01-03,31.1478,31.3074,30.8213,31.0897,3446100
2018-01-04,31.1043,31.3655,30.4513,30.9374,2825000
2018-01-05,31.0825,31.1913,30.7923,31.155,2183200
2018-01-08,35.3923,36.0598,33.0995,33.3752,23460800
2018-01-09,33.7235,34.3112,33.4043,33.6582,10500200
2018-01-10,33.4913,34.2967,33.2374,34.1516,3808800
2018-01-11,34.362,35.5882,34.1806,35.5591,6246600
2018-01-12,35.6389,37.6415,35.6317,37.1916,7747400
2018-01-16,36.8361,37.9752,36.5821,37.373,6885300
2018-01-17,37.1989,38.0332,36.9232,37.8301,4113600
2018-01-18,37.8736,37.9389,37.4528,37.7358,3981600
2018-01-19,37.8301,38.2872,37.5399,38.1784,3871200
2018-01-22,38.084,38.6354,37.7575,38.5701,3591700
2018-01-23,38.5847,39.2667,38.4033,39.2231,3192200
2018-01-24,39.2086,39.2377,37.9462,38.4323,5551500
2018-01-25,38.7878,39.0345,38.2146,38.5774,3618300
2018-01-26,38.8241,39.9052,38.7733,39.8616,7318600
2018-01-29,39.1796,40.355,38.8241,39.985,8941000
2018-01-30,39.1796,39.9124,38.5629,39.8906,7756300
2018-01-31,40.014,40.9572,39.9559,40.0503,5110200
2018-02-01,39.702,40.2897,39.0345,39.4989,5356400
2018-02-02,39.1723,39.1796,37.2787,37.5616,6567200
2018-02-05,37.1916,38.0333,35.9219,36.0235,7359000
2018-02-06,34.8844,35.8784,34.2459,35.3197,9556600
2018-02-07,35.697,36.72,35.3995,35.9509,6042700
2018-02-08,35.8856,36.0307,34.4128,34.42,4587900
2018-02-09,34.8626,35.1891,33.4623,34.6957,5633200
2018-02-12,34.9352,35.9219,34.9352,35.6752,3380100
2018-02-13,35.784,36.1976,35.4213,36.009,2919500
2018-02-14,35.5664,37.5326,35.5664,37.2714,3675000
2018-02-15,37.6342,37.8446,36.6765,37.3803,3207600
2018-02-16,37.3367,37.6777,37.0755,37.3077,2738000
2018-02-20,37.1916,38.0187,36.9667,37.8156,2635600
2018-02-21,37.8736,38.2872,37.2787,37.3222,2345400
2018-02-22,37.431,37.8519,37.1191,37.2642,2121200
2018-02-23,37.6415,38.8749,37.5036,38.6645,3214500
2018-02-26,38.7951,38.8821,37.9824,38.8531,2972000
2018-02-27,38.8966,39.2449,38.0115,38.3597,3662500
2018-02-28,38.3452,39.5714,38.3162,38.7443,4306400
2018-03-01,39.049,39.9922,38.679,39.1796,5929200
2018-03-02,38.7298,39.3755,38.2437,39.2667,3142400
2018-03-05,38.8531,40.2389,38.8241,40.0067,4328400
2018-03-06,40.2679,40.8774,40.0503,40.7976,3797500
2018-03-07,40.4638,41.1023,40.2897,40.8484,3224900
2018-03-08,41.3563,43.1556,41.2692,42.7203,8549200
2018-03-09,43.0395,43.99,42.9162,43.6707,4783800
2018-03-12,43.6417,43.8739,43.3443,43.6853,3245900
2018-03-13,43.6417,43.8739,43.1484,43.3007,4374700
2018-03-14,43.5111,44.2657,42.996,43.4821,4136200
2018-03-15,43.6998,43.7433,42.9234,43.2209,2882000
2018-03-16,43.1992,43.9102,43.1048,43.5982,7073300
2018-03-19,43.4241,44.0553,43.2427,43.8231,6849400
2018-03-20,44.0871,44.6076,43.9038,43.9258,4445000
2018-03-21,43.9184,44.5197,43.5152,43.9184,3421100
2018-03-22,43.3685,43.8671,42.8626,43.2879,4309900
2018-03-23,42.8333,42.8846,41.2496,41.2643,5264100
2018-03-26,42.1441,42.7893,41.5869,42.6207,4736400
2018-03-27,43.0973,43.6252,41.7775,42.0634,4105000
2018-03-28,42.0048,42.54,41.147,41.7115,3804500
2018-03-29,42.0341,43.1119,41.6235,42.9066,4278400
2018-04-02,43.2586,44.0431,41.9535,42.3421,5554100
2018-04-03,42.5034,42.8333,41.8362,42.7453,3257400
2018-04-04,41.2129,43.3172,41.2056,43.2072,4112200
2018-04-05,43.5812,43.6765,42.5254,42.7087,2686900
2018-04-06,42.3201,42.6867,41.1103,41.5136,3101000
2018-04-09,41.8068,42.2761,41.2496,41.2716,3158500
2018-04-10,43.5005,44.9522,43.4052,43.5152,9450100
2018-04-11,43.2659,43.7865,42.7967,42.936,3557300
2018-04-12,43.2219,44.1604,43.1706,43.8964,2668200
2018-04-13,44.1751,44.8129,44.0797,44.439,3350900
2018-04-16,44.6443,45.0182,44.2044,44.8349,2073600
2018-04-17,45.1429,45.9714,45.0549,45.3775,2969200
2018-04-18,45.4288,45.8028,44.5783,45.5388,2945600
2018-04-19,45.0916,45.5535,43.8525,43.9184,4247900
2018-04-20,44.0211,44.417,43.5078,43.7278,2410300
2018-04-23,43.8451,43.9331,42.4227,42.6867,2863200
2018-04-24,43.0826,43.4859,42.3201,42.7233,3592200
2018-04-25,42.8333,43.2292,41.9315,42.7453,2128400
2018-04-26,43.0826,43.6545,42.8406,43.5078,2276900
2018-04-27,43.8011,44.2484,42.8553,43.6398,3418000
2018-04-30,43.7131,43.9551,42.43,42.4447,4985700
2018-05-01,38.0602,39.8785,35.9853,39.7466,15641500
2018-05-02,38.2802,40.3258,38.1922,40.1058,7818800
2018-05-03,39.9445,40.4064,39.7319,40.3038,4095300
2018-05-04,40.1498,41.0296,40.0912,40.8244,2533600
2018-05-07,40.861,41.3009,40.6191,41.0223,4219700
2018-05-08,40.7877,41.5209,40.6924,41.4182,3097200
2018-05-09,41.6822,42.0781,41.3156,41.9608,2359100
2018-05-10,42.3861,42.8993,41.8655,41.9901,3469200
2018-05-11,42.0855,42.3641,41.5209,41.5795,2462000
2018-05-14,41.9315,42.606,41.7555,41.8435,2147900
2018-05-15,41.6235,42.4667,41.4549,42.3567,2679300
2018-05-16,42.4154,43.6178,42.4007,43.5298,2741200
2018-05-17,43.3392,43.9991,43.1046,43.2732,2138000
2018-05-18,43.2806,43.6545,41.0736,41.2863,4302200
2018-05-21,42.0121,42.3787,41.6382,41.9755,2600600
2018-05-22,42.1441,42.8553,42.1294,42.5327,2599600
2018-05-23,42.2981,42.738,42.0341,42.7307,1976800
2018-05-24,42.7087,43.0019,42.1148,42.7307,2146200
2018-05-25,42.8186,43.4052,42.0341,42.1368,2021700
2018-05-29,41.8068,42.5547,41.7702,41.9755,2617700
2018-05-30,42.3347,43.3026,42.0928,42.5474,2620600
2018-05-31,42.5694,42.9433,41.169,41.3156,4473100
2018-06-01,41.4989,42.496,41.3303,42.452,2874400
2018-06-04,42.5254,42.54,41.4109,42.1368,2637800
2018-06-05,42.54,43.4419,42.4667,43.3905,3480800
2018-06-06,43.7718,43.8744,42.9506,43.0166,3192400
2018-06-07,42.9653,43.0679,39.7539,40.4944,8569800
2018-06-08,40.3258,41.3229,40.2525,41.0443,3560600
2018-06-11,41.3449,42.76,41.1983,42.4814,3551500
2018-06-12,42.5254,42.5254,41.037,41.8655,3053200
2018-06-13,41.9095,42.2981,41.6749,41.7555,2606000
2018-06-14,41.9901,43.4345,41.7702,43.3172,3876600
2018-06-15,43.0166,43.0166,42.0854,42.8406,4056600
2018-06-18,42.5327,43.3685,42.0195,43.2439,2771900
2018-06-19,42.5398,43.029,41.9618,42.9474,2483600
2018-06-20,43.0883,43.3328,42.8363,43.0438,2033600
2018-06-21,43.1105,44.4149,42.8585,43.3106,2705200
2018-06-22,43.6144,43.8442,43.0957,43.1475,1959000
2018-06-25,42.7992,42.9104,41.1021,41.3763,2460000
2018-06-26,41.7469,42.0952,41.4282,41.8803,2896600
2018-06-27,42.1545,42.3916,41.2429,41.2725,1690600
2018-06-28,41.1836,42.0359,40.7834,41.7691,1696500
2018-06-29,42.1471,42.5473,41.8432,41.8506,2091300
2018-07-02,41.0724,42.7473,41.0131,42.6955,2368700
2018-07-03,42.8289,43.0734,41.9618,42.1693,1637300
2018-07-05,42.5621,43.4366,42.1915,43.4366,2123300
2018-07-06,43.4514,43.5922,42.9252,43.4218,1877200
2018-07-09,43.7182,43.9109,43.0734,43.5403,2200400
2018-07-10,43.5848,44.0443,43.4588,43.6441,1565300
2018-07-11,43.1179,43.1253,42.11,42.4213,1642100
2018-07-12,42.8363,43.8294,42.8363,43.7404,1653900
2018-07-13,43.5107,44.2148,43.3551,43.7404,1579900
2018-07-16,43.6589,43.6589,43.0883,43.318,1240500
2018-07-17,43.1253,43.2439,42.7325,43.0586,2054000
2018-07-18,43.155,43.6589,42.9252,43.0586,1565400
2018-07-19,43.0512,43.3032,42.1841,42.3768,1568800
2018-07-20,42.2953,42.4806,41.8506,41.858,2030600
2018-07-23,41.7543,41.8728,40.9316,41.7617,2023400
2018-07-24,42.073,42.1545,41.2281,41.2948,1854400
2018-07-25,41.4726,41.8506,41.154,41.8284,2165400
2018-07-26,41.9025,42.7474,41.7172,42.6436,2277000
2018-07-27,42.362,42.6955,40.398,40.5314,4346900
2018-07-30,40.2943,41.606,38.5008,40.02,7894700
2018-07-31,40.2869,40.3684,38.486,38.9973,6606300
2018-08-01,39.0047,39.6866,39.0047,39.3308,3915000
2018-08-02,38.9751,39.731,38.9084,39.5902,2721300
2018-08-03,39.605,40.3387,39.605,39.9311,2663100
2018-08-06,39.8718,40.2202,39.605,40.1905,2177200
2018-08-07,40.2054,40.8279,40.1535,40.6648,2221700
2018-08-08,40.5759,41.0798,40.2869,40.7908,1650300
2018-08-09,38.9751,39.2715,37.4113,37.8115,8401900
2018-08-10,37.4706,38.0932,37.0853,37.7078,5029100
2018-08-13,37.7078,38.2784,37.5892,37.8041,3522300
2018-08-14,38.1154,39.5087,38.0487,39.4494,4355000
2018-08-15,39.027,39.8126,38.7602,39.1974,4646100
2018-08-16,39.6643,40.3165,39.2419,39.316,3044600
2018-08-17,39.316,40.3239,39.0047,40.2127,4200700
2018-08-20,40.2646,40.65,39.8348,40.4203,2293900
2018-08-21,40.6871,41.2577,40.4499,40.6204,2741500
2018-08-22,40.2276,41.2132,40.2276,40.9983,1980900
2018-08-23,40.9316,41.3837,40.6945,41.2948,2496500
2018-08-24,41.4652,41.6653,41.0576,41.317,1853600
2018-08-27,41.5764,42.3249,41.5764,41.7691,2137900
2018-08-28,41.9321,42.3916,41.5023,41.8432,1865900
2018-08-29,42.0507,42.1767,41.4208,41.4875,2442600
2018-08-30,41.0873,41.317,39.3308,39.3827,4906300
2018-08-31,39.4568,39.8348,39.1678,39.6792,3124300
2018-09-04,37.9746,38.1969,35.7735,36.6184,10362400
2018-09-05,36.4553,36.8036,35.5512,36.5887,6634000
2018-09-06,36.6109,37.0334,36.2404,36.6035,4333900
2018-09-07,36.4553,37.2409,36.0329,36.9074,4072700
2018-09-10,37.1445,38.1154,36.9444,37.2705,3428000
2018-09-11,36.9741,37.0556,35.6475,36.2997,4272500
2018-09-12,35.3807,36.9,34.9805,36.6628,6623800
2018-09-13,37.1371,37.3521,35.4919,35.729,5089400
2018-09-14,35.729,36.0255,35.3362,35.7883,4459600
2018-09-17,35.8698,35.8698,35.4326,35.5289,3871200
2018-09-18,35.5214,36.3775,35.4839,36.0321,3837500
2018-09-19,36.0546,36.385,35.8518,36.1147,2561000
2018-09-20,36.385,37.0309,36.2423,36.8131,4281000
2018-09-21,36.6028,37.151,36.3174,37.0084,8344400
2018-09-24,37.0234,37.3388,36.7981,36.9107,2830900
2018-09-25,36.9483,37.1886,36.4076,36.4151,3115400
2018-09-26,36.0471,36.1222,34.5902,35.3487,5261500
2018-09-27,35.4989,35.8593,34.7329,34.9732,3589300
2018-09-28,34.8005,35.8819,34.7629,35.559,3493900
2018-10-01,35.8744,36.0771,35.1084,35.2811,3083300
2018-10-02,35.251,35.8969,35.1084,35.2435,1928900
2018-10-03,35.5364,36.2799,35.3712,35.8894,2321500
2018-10-04,35.8293,35.9495,34.8305,35.0333,3219900
2018-10-05,35.2961,35.8744,35.1084,35.1534,6324800
2018-10-08,34.8831,35.0558,34.1696,34.425,2707400
2018-10-09,34.1171,34.2748,32.6902,33.0432,4961200
2018-10-10,32.8179,33.7341,32.6452,32.7878,5120500
2018-10-11,32.9155,33.9444,32.4048,32.5475,3968700
2018-10-12,33.3961,33.4262,31.7815,32.2847,4747800
2018-10-15,32.2847,32.6226,32.0744,32.112,2728700
2018-10-16,32.5626,33.2084,32.1796,33.1258,3037300
2018-10-17,33.0582,33.5989,32.6226,33.1333,2287600
2018-10-18,33.0206,33.3961,32.7127,32.8629,2218400
2018-10-19,33.0882,33.5163,32.7052,32.9005,2115700
2018-10-22,33.1633,33.3135,32.4424,32.7428,1808300
2018-10-23,30.257,32.7578,29.1381,32.6452,6298300
2018-10-24,32.4799,32.7202,30.978,31.3009,4595000
2018-10-25,31.6088,32.3448,31.3384,31.9993,3970500
2018-10-26,28.3721,30.227,27.5535,29.1381,10747700
2018-10-29,29.8515,29.9041,27.9966,28.4096,5157200
2018-10-30,28.4021,29.1906,28.3721,29.1756,4154400
2018-10-31,29.6638,30.4973,29.4535,30.212,5308100
2018-11-01,30.4523,32.5325,30.2871,32.2772,7270700
2018-11-02,30.7902,33.674,30.4523,33.2459,10706000
2018-11-05,32.938,34.3123,32.3748,33.7566,7798400
2018-11-06,33.8617,34.1696,33.1408,34.1096,4114100
2018-11-07,34.1997,34.41,33.5388,34.3949,3797300
2018-11-08,34.3724,34.838,33.8542,34.042,4497100
2018-11-09,33.7341,33.7341,31.7966,32.3147,7537400
2018-11-12,31.9167,32.172,31.0005,31.4586,4512800
2018-11-13,31.6989,32.187,31.5262,31.9542,3953000
2018-11-14,32.3898,32.9906,31.8491,32.0819,3726000
2018-11-15,31.8416,33.2234,31.6989,32.938,3509700
2018-11-16,32.5625,32.8404,31.9618,32.5175,4290900
2018-11-19,32.4874,32.6527,31.406,31.5863,3215600
2018-11-20,30.7902,31.8341,30.3922,31.6388,3969700
2018-11-21,31.8641,32.6902,31.5788,31.9467,4019000
2018-11-23,31.5412,32.7278,31.4511,32.2547,1419400
2018-11-26,32.8179,33.0131,31.9993,32.9831,2880400
2018-11-27,32.8704,33.2459,32.6001,33.1108,2859800
2018-11-28,33.1333,33.4187,31.4811,33.1183,4361000
2018-11-29,32.8254,32.923,31.6463,32.0294,3178100
2018-11-30,31.9467,32.4124,31.3835,32.3598,4699200
2018-12-03,33.0206,33.6965,32.5851,33.6139,4701600
2018-12-04,33.2685,33.674,31.2033,31.2183,5824600
2018-12-06,30.4072,31.5112,30.3772,31.2784,6689700
2018-12-07,31.1507,31.2483,29.9642,29.9642,4344600
2018-12-10,29.859,30.1669,29.2732,29.8966,2775200
2018-12-11,30.4598,30.7301,29.3483,29.6638,2835200
2018-12-12,30.1519,30.8954,29.6487,30.0392,3207200
2018-12-13,30.1819,30.3096,29.431,29.5887,2647600
2018-12-14,29.1681,29.5887,28.8151,28.9503,3245600
2018-12-17,28.9203,29.476,27.8614,28.1092,4774100
2018-12-18,28.3918,29.0717,28.071,28.5141,3931800
2018-12-19,28.5752,29.1328,27.3301,27.6356,5128900
2018-12-20,27.4982,28.6668,27.4982,27.9412,5705900
2018-12-21,27.9488,28.5981,27.2766,27.7731,13106400
2018-12-24,27.5898,28.262,27.2996,27.5975,2915100
2018-12-26,27.7808,29.0029,27.0246,28.9571,4256700
2018-12-27,28.6439,29.3772,28.262,29.3619,3123800
2018-12-28,29.4383,29.8355,28.8731,29.2932,2821600
2018-12-31,29.4841,29.8508,29.1022,29.4765,2598500
2019-01-02,28.9647,30.1028,28.7661,29.8508,3472900
2019-01-03,29.4918,29.4918,27.8572,27.8954,4428100
2019-01-04,28.3995,29.3314,28.2238,29.1328,3232900
2019-01-07,29.3084,30.0494,29.2779,29.9119,2855500
2019-01-08,30.1334,30.2938,29.3543,29.8966,3008600
2019-01-09,29.973,31.1875,29.973,30.6604,3961000
2019-01-10,30.6604,31.2333,30.3091,31.0118,3019800
2019-01-11,31.0194,31.218,30.4236,31.0653,2196900
2019-01-14,30.5535,30.9354,29.9119,30.6452,3899700
2019-01-15,30.7979,30.9507,30.1181,30.2862,2408700
2019-01-16,30.2633,30.6834,30.1945,30.3396,2002900
2019-01-17,29.9959,30.0417,28.7203,29.5834,4738000
2019-01-18,29.8508,30.7597,29.6675,30.7292,3961800
2019-01-22,30.6299,30.7063,29.255,29.3925,3677400
2019-01-23,29.6522,30.1716,29.1939,29.6063,2812600
2019-01-24,29.8737,31.9208,29.8049,31.2944,5162200
2019-01-25,33.4179,35.3733,32.6923,33.3492,9455300
2019-01-28,32.6541,33.2422,32.3638,33.0436,3614700
2019-01-29,33.1658,33.2499,32.4478,32.6693,2688300
2019-01-30,33.2269,33.6165,32.6999,33.4103,2923800
2019-01-31,33.3339,33.9831,32.9978,33.8227,4352300
2019-02-01,33.9144,34.7241,33.6929,34.5713,4487000
2019-02-04,34.3651,35.0525,33.67,34.8004,6598700
2019-02-05,33.2269,35.4726,33.12,34.4796,10650700
2019-02-06,34.5637,35.4039,34.5102,34.5484,5192200
2019-02-07,34.2658,34.3421,33.6012,33.9602,4317400
2019-02-08,33.6012,34.4033,33.3873,34.388,3189600
2019-02-11,34.64,34.6553,33.5325,34.1054,2471300
2019-02-12,34.4185,34.9074,34.2581,34.6706,3015400
2019-02-13,34.8692,35.1976,34.7393,34.9379,2672400
2019-02-14,34.8004,35.2129,34.6706,34.9608,3338800
2019-02-15,35.2129,35.2129,34.8081,34.915,1953300
2019-02-19,35.0907,35.1976,34.8234,35.0525,2818900
2019-02-20,35.2282,35.4421,35.022,35.0525,2277900
2019-02-21,34.9532,35.0678,34.388,34.4567,2950200
2019-02-22,34.5713,35.908,34.5331,35.908,3043700
2019-02-25,36.5649,37.3746,36.4656,36.7024,3360200
2019-02-26,36.4733,36.8323,36.183,36.267,3011700
2019-02-27,36.1754,36.2899,35.5796,35.7629,2397400
2019-02-28,35.6789,35.7858,34.3727,35.5643,3638900
2019-03-01,35.6712,36.099,35.3275,35.4039,2634600
2019-03-04,35.549,35.8927,35.1824,35.4573,2673500
2019-03-05,35.5414,35.5719,35.2358,35.3581,2157600
2019-03-06,35.4803,35.4803,35.0372,35.3351,3449400
2019-03-07,35.2893,35.2893,34.3345,34.5178,3061100
2019-03-08,34.1741,35.4115,33.9144,35.3046,4290800
2019-03-11,35.5796,37.1836,35.3733,37.1454,4601000
2019-03-12,37.3058,37.6343,36.5725,36.7253,4013300
2019-03-13,37.0156,37.0156,36.2212,36.4198,2685400
2019-03-14,36.3892,36.6337,35.8927,36.0455,2800200
2019-03-15,36.2746,36.8857,36.1295,36.4198,4855200
2019-03-18,36.5802,36.817,36.1983,36.7864,2694100
2019-03-19,36.9722,37.2044,36.5233,36.5774,2522000
2019-03-20,36.6084,36.8329,35.6719,35.7648,3044600
2019-03-21,36.0434,38.2415,35.9738,37.9087,4866900
2019-03-22,37.6455,37.8313,36.2988,36.322,3012800
2019-03-25,36.3607,36.8406,35.7957,36.2446,2719800
2019-03-26,36.6471,36.8793,36.2214,36.5387,1672300
2019-03-27,36.5388,36.7168,35.2695,35.4629,2781000
2019-03-28,35.3856,36.0357,35.3004,35.5945,3827200
2019-03-29,35.9273,37.1347,35.7957,37.065,3713900
2019-04-01,37.4365,37.7306,36.9025,37.483,3868500
2019-04-02,37.4753,38.017,37.3669,37.7384,3055200
2019-04-03,38.1563,39.1393,38.1563,38.3885,3391900
2019-04-04,38.2415,38.4737,37.9783,38.0944,1731400
2019-04-05,38.3266,38.613,37.808,38.1022,3401300
2019-04-08,38.4582,38.4582,37.7926,38.2105,2233400
2019-04-09,38.1176,38.2105,37.5294,37.8545,2593500
2019-04-10,37.8235,38.6981,37.661,38.4737,2427000
2019-04-11,38.6594,38.76,38.0402,38.2879,1914200
2019-04-12,38.6052,38.9226,38.3576,38.4427,2059800
2019-04-15,38.5433,38.8916,37.9706,38.226,2364800
2019-04-16,38.4814,39.2166,38.3498,39.1934,2854300
2019-04-17,39.6036,39.6888,38.5743,38.9226,1910900
2019-04-18,38.8374,39.1238,38.6826,39.0851,1736000
2019-04-22,38.7368,38.8065,37.6455,37.8777,3397600
2019-04-23,37.9164,38.0093,37.274,37.3205,3273100
2019-04-24,37.3437,37.3437,36.3066,36.3685,3722600
2019-04-25,36.353,36.6239,35.579,35.6564,2597600
2019-04-26,34.2633,34.8515,33.6132,34.8206,3954200
2019-04-29,34.8205,35.2153,34.5187,34.7818,5327000
2019-04-30,36.5542,37.7926,35.6564,37.3978,7424400
2019-05-01,38.4969,38.5511,37.1192,37.3901,3950300
2019-05-02,37.7461,37.9628,37.1734,37.452,2314300
2019-05-03,38.0015,38.4272,37.5294,38.3885,2545800
2019-05-06,37.0573,38.3653,36.9567,38.2105,3265800
2019-05-07,37.7461,38.1409,37.2198,37.5836,3642000
2019-05-08,37.4985,38.5278,37.3359,37.9551,3593500
2019-05-09,37.3127,37.5217,36.1208,36.8174,4581200
2019-05-10,36.5233,36.8561,35.6564,36.6858,3336600
2019-05-13,35.4784,35.5945,33.9228,34.0853,6427200
2019-05-14,34.3252,34.8825,34.2478,34.5497,3121500
2019-05-15,34.302,35.3236,34.1859,35.2849,1961400
2019-05-16,35.0295,35.641,34.8902,35.3546,1711800
2019-05-17,34.9057,35.4784,34.7664,34.9986,2184800
2019-05-20,34.271,34.9367,34.0776,34.6116,2347500
2019-05-21,35.045,35.8344,35.0295,35.7261,2398600
2019-05-22,35.2617,35.4862,34.4955,34.6038,2786000
2019-05-23,34.0543,34.1859,33.5048,33.8531,2704800
2019-05-24,34.0466,34.1162,33.2107,33.4274,2346100
2019-05-28,33.5977,33.9073,32.9785,32.994,3241800
2019-05-29,32.7618,34.0311,32.607,33.8454,3884300
2019-05-30,33.9692,34.4877,33.5977,33.9924,3599000
2019-05-31,33.3113,33.4507,32.3516,32.3903,3135900
2019-06-03,32.4832,33.0559,32.22,32.9089,4126200
2019-06-04,33.2881,34.2401,33.2649,34.1782,2960400
2019-06-05,34.4181,34.7045,33.4739,34.093,2591500
2019-06-06,34.1085,34.5264,33.9615,34.3639,1619000
2019-06-07,34.2865,34.3484,33.6441,33.7138,3750700
2019-06-10,34.0311,34.8825,33.8686,34.0156,3100000
2019-06-11,34.6038,34.9289,33.8221,33.8918,2595200
2019-06-12,33.8686,34.1627,33.5822,33.7757,2373400
2019-06-13,33.8608,34.5419,33.6287,34.4878,2718000
2019-06-14,34.1085,34.3407,33.7138,34.2556,2314400
2019-06-17,34.0002,34.6735,33.2804,34.333,3368300
2019-06-18,34.6156,35.9817,34.5449,35.7462,3833900
2019-06-19,36.0524,36.0681,35.5813,35.6755,1624600
2019-06-20,36.3271,36.5548,35.7933,36.2643,2170300
2019-06-21,36.1701,36.7747,36.0445,36.4763,4533300
2019-06-24,36.5548,37.3007,36.4292,37.1515,2886600
2019-06-25,37.0966,37.3242,36.1073,36.28,3278500
2019-06-26,37.0887,37.6304,36.8846,37.0965,3040000
2019-06-27,36.8375,36.9395,36.335,36.6804,2674900
2019-06-28,36.9317,37.387,36.6333,36.9945,2322100
2019-07-01,38.2899,38.9337,36.9945,37.3007,3001500
2019-07-02,37.3007,37.3085,36.7433,37.2222,2157700
2019-07-03,37.2536,37.4341,37.0573,37.3164,748300
2019-07-05,37.0494,37.442,36.7903,37.0965,1667300
2019-07-08,36.6726,36.8846,36.2565,36.5784,2135200
2019-07-09,36.3586,36.5077,35.8247,36.1466,2643800
2019-07-10,36.7118,37.4499,36.6019,37.0887,3382300
2019-07-11,37.3242,37.3242,36.5156,36.6333,2088500
2019-07-12,36.7197,37.6383,36.7197,37.3871,3693800
2019-07-15,37.6854,38.1015,37.5598,37.9523,2182400
2019-07-16,37.8032,37.968,36.9866,37.1829,2321900
2019-07-17,37.0651,37.1986,36.5391,36.9003,1920300
2019-07-18,36.9003,37.285,36.6098,37.1908,1352600
2019-07-19,37.5284,37.5676,37.128,37.1358,1555900
2019-07-22,37.3007,37.6461,36.916,37.1908,1778300
2019-07-23,37.3635,37.5284,37.0102,37.4734,1216900
2019-07-24,37.5362,38.549,37.5048,38.4155,1873300
2019-07-25,38.2193,38.2664,37.5441,37.7482,1713200
2019-07-26,37.9759,37.9759,37.3871,37.5362,1273500
2019-07-29,37.4499,37.4891,36.9552,37.2771,1661800
2019-07-30,36.9788,37.3478,36.7275,37.2457,1721200
2019-07-31,37.3085,37.3321,36.0053,36.3586,2780200
2019-08-01,36.2722,37.8346,35.966,36.3193,4414200
2019-08-02,33.1475,36.3664,33.0532,35.2751,5655200
2019-08-05,34.1995,35.4478,34.0582,34.8904,5457200
2019-08-06,35.2201,35.44,34.592,35.0788,3955500
2019-08-07,34.5607,35.1573,34.3644,35.0003,2970500
2019-08-08,35.1181,35.4635,34.859,35.44,2780300
2019-08-09,35.2201,35.44,34.8276,35.2358,2930200
2019-08-12,34.8354,35.3772,34.8354,35.1887,2537200
2019-08-13,35.2594,36.8453,34.9925,35.9817,3110900
2019-08-14,35.2908,35.5813,34.7962,35.0396,2250500
2019-08-15,35.071,35.2437,34.647,35.0003,2590200
2019-08-16,35.3065,36.3036,35.2044,36.1387,2080100
2019-08-19,36.704,37.1123,36.4214,36.4528,2747600
2019-08-20,36.492,36.5548,36.0524,36.4057,2470800
2019-08-21,36.8061,37.4106,36.8061,37.0887,2473500
2019-08-22,37.3007,37.5127,37.2065,37.3556,1909300
2019-08-23,37.0494,37.4027,36.5391,36.8375,3322300
2019-08-26,37.4184,37.4184,36.7747,36.9552,1973500
2019-08-27,37.2222,37.3635,36.6961,36.8532,2668100
2019-08-28,36.7511,37.1358,36.3978,37.018,3020200
2019-08-29,37.4891,38.4941,37.4027,38.4077,2811400
2019-08-30,38.8709,40.1585,38.8317,39.4205,3875700
2019-09-03,39.0122,39.1614,38.4705,38.9887,3820300
2019-09-04,39.5383,40.9829,39.2792,40.9593,4235900
2019-09-05,41.5953,42.5609,41.4932,42.4746,3806400
2019-09-06,42.3176,42.8279,42.1841,42.6552,2544400
2019-09-09,42.9064,43.3225,42.6002,43.0084,2866100
2019-09-10,42.8514,43.4481,42.506,43.4403,3076800
2019-09-11,43.346,44.4138,43.1655,44.1312,3089200
2019-09-12,44.0055,44.7592,43.8407,44.2018,3014100
2019-09-13,44.0448,44.5002,43.8093,44.0841,2842900
2019-09-16,43.6287,44.0055,43.2911,43.7308,1907700
2019-09-17,43.5502,44.2097,43.4795,44.0055,2102900
2019-09-18,43.8485,44.9084,42.8671,44.5551,4106400
2019-09-19,44.7592,44.8535,40.9907,41.5638,10548100
2019-09-20,41.3911,41.4932,40.5118,41.1399,8865700
2019-09-23,41.03,41.9171,40.975,41.4147,3251800
2019-09-24,41.7564,41.8438,40.8426,41.2081,3335200
2019-09-25,41.367,42.2808,41.216,42.1775,2379700
2019-09-26,42.2569,42.8291,41.947,42.6384,3227300
2019-09-27,42.4953,43.1866,42.2172,42.7576,2399400
2019-09-30,42.8847,43.0992,42.3602,42.7417,2010200
2019-10-01,42.9085,43.0674,41.6689,42.0027,2355000
2019-10-02,41.6292,41.8279,41.1842,41.518,3230100
2019-10-03,41.6531,42.2013,41.0015,42.1854,2022700
2019-10-04,42.1378,42.7099,42.0424,42.6542,1531200
2019-10-07,42.6701,42.9959,42.3364,42.6066,1655000
2019-10-08,41.8755,41.8994,40.6201,40.6916,3145800
2019-10-09,40.9379,41.6689,40.8028,41.4544,1507000
2019-10-10,41.6531,42.4318,41.5418,42.0345,2023500
2019-10-11,42.7893,43.2423,42.5669,42.7576,2366700
2019-10-14,42.7099,42.988,42.4794,42.8132,1165900
2019-10-15,42.7973,43.6793,42.4318,43.6555,2196000
2019-10-16,43.7031,43.8382,43.2899,43.6237,1379000
2019-10-17,43.7429,44.2991,43.3853,43.8462,1133400
2019-10-18,43.7587,43.9495,43.3694,43.6872,1694400
2019-10-21,44.021,44.3944,43.6634,44.0845,1714500
2019-10-22,44.3944,45.0619,44.1481,44.3865,1590300
2019-10-23,44.3388,44.6408,43.9177,44.5772,1684500
2019-10-24,44.8712,45.2764,44.3229,44.6884,1250100
2019-10-25,44.8553,45.3956,44.6407,45.2288,1502100
2019-10-28,45.5228,45.9201,45.3718,45.8883,1636800
2019-10-29,45.9042,46.1982,45.4036,46.0631,1987400
2019-10-30,46.0552,46.0552,45.2367,45.9677,1749500
2019-10-31,45.7294,46.1505,44.9109,46.1108,4766100
2019-11-01,44.1004,46.2379,43.3932,45.785,4870900
2019-11-04,45.9439,46.2379,44.9348,46.1505,3170500
2019-11-05,46.079,46.1982,45.5943,45.8247,2237700
2019-11-06,45.6896,46.071,45.5704,45.9598,1514200
2019-11-07,46.2697,46.6749,46.071,46.1823,1703400
2019-11-08,46.1505,46.7226,45.7373,46.7147,1540600
2019-11-11,46.5478,46.7067,46.1346,46.2856,1439100
2019-11-12,46.3492,46.6034,46.0154,46.0631,1694000
2019-11-13,45.8168,46.2856,45.6578,46.1902,1512700
2019-11-14,46.0075,46.4127,45.8724,46.2538,1278800
2019-11-15,46.4842,47.2629,46.3571,46.9451,2367600
2019-11-18,47.1279,48.1291,47.0007,47.7477,2714000
2019-11-19,47.9463,47.994,47.3424,47.398,1863500
2019-11-20,47.0405,47.5252,46.8815,47.3662,1405700
2019-11-21,47.3504,47.7318,47.0484,47.263,1795100
2019-11-22,46.9848,47.3106,46.8021,47.104,1374900
2019-11-25,47.4457,47.6602,47.1358,47.5569,1819400
2019-11-26,47.6046,47.6046,47.0881,47.0881,2412800
2019-11-27,47.3742,47.9066,47.1438,47.8668,1459900
2019-11-29,47.7794,47.9781,47.3662,47.4219,1038000
2019-12-02,47.6761,47.8827,47.0722,47.1438,1952200
2019-12-03,46.6749,46.7703,45.9201,46.2538,2605200
2019-12-04,46.7067,46.9133,46.2617,46.5955,2125800
2019-12-05,47.0007,47.0007,46.4286,46.5558,1476100
2019-12-06,47.1199,47.6285,46.8259,46.8736,2250100
2019-12-09,46.2618,46.4604,44.5136,45.3877,7402600
2019-12-10,45.5387,46.4048,45.3877,45.785,3452600
2019-12-11,45.9598,46.7782,45.8962,46.0393,2345300
2019-12-12,46.23,47.0405,46.0631,46.9213,2421200
2019-12-13,46.7703,47.5649,46.5558,46.6908,3155100
2019-12-16,47.2232,47.4139,46.8974,46.9292,2483000
2019-12-17,47.2232,47.2232,46.6193,47.0166,2556500
2019-12-18,47.0802,47.1596,46.3889,46.7226,2540800
2019-12-19,47.255,47.2709,46.2935,46.4445,2621000
2019-12-20,46.6908,47.4457,46.3492,47.3742,4169400
2019-12-23,47.5172,48.3357,47.247,47.9701,2563500
2019-12-24,48.0987,48.1709,47.5123,47.7854,820000
2019-12-26,47.8175,48.1629,47.7934,48.1308,1071000
2019-12-27,48.1951,48.4039,47.7533,47.8577,1298100
2019-12-30,47.8738,47.93,47.2954,47.6247,1060300
2019-12-31,47.5123,47.9782,47.4159,47.7934,1266200
2020-01-02,48.0424,48.7091,48.0103,48.5967,2018200
2020-01-03,48.0826,48.2352,47.2392,47.3195,1649700
2020-01-06,46.9098,47.1589,46.5082,46.7572,1995900
2020-01-07,46.9902,47.4239,46.6046,47.3195,1914400
2020-01-08,47.3115,48.1147,46.9821,47.689,2541200
2020-01-09,48.1067,48.7413,47.8818,48.5645,2313800
2020-01-10,48.5726,48.6529,47.9219,48.179,1734800
2020-01-13,48.3798,48.9983,48.2352,48.9903,2112000
2020-01-14,48.9581,49.0947,48.4441,48.8216,2007900
2020-01-15,48.6449,49.175,48.436,48.6047,1950400
2020-01-16,49.0545,49.4321,48.8457,49.424,1496800
2020-01-17,49.408,49.5204,48.9421,49.0626,2013600
2020-01-21,48.9983,49.3437,48.8216,49.0385,2352300
2020-01-22,49.3758,49.5365,48.9903,49.2152,1242500
2020-01-23,49.4883,50.4361,49.1268,50.412,3000600
2020-01-24,50.7414,51.5446,50.3317,50.7896,2902600
2020-01-27,49.7132,49.922,48.3878,48.7332,2398000
2020-01-28,49.4642,49.9462,48.9823,49.7775,1745100
2020-01-29,48.926,49.3678,46.9339,47.3998,2897100
2020-01-30,46.95,47.432,45.8977,46.8938,2778700
2020-01-31,46.7813,46.7813,45.6086,45.7773,2900700
2020-02-03,46.452,47.0303,46.2833,46.5484,3609100
2020-02-04,47.8256,48.0746,46.6207,47.3677,4698200
2020-02-05,45.8094,46.3958,43.6567,43.9619,6600900
2020-02-06,44.2511,44.717,43.9057,44.3073,4046400
2020-02-07,44.0663,44.1226,43.2229,43.4559,2884900
2020-02-10,43.3515,44.1949,43.1346,44.1306,2311600
2020-02-11,44.3555,45.223,44.2993,44.7812,2434400
2020-02-12,44.9499,45.705,44.9178,45.1588,1668900
2020-02-13,44.7491,45.1106,44.5001,44.8214,2307700
2020-02-14,44.8696,44.982,43.1587,43.3675,3451400
2020-02-18,42.9659,43.6165,42.6285,43.5362,2769300
2020-02-19,43.6326,43.9057,43.2069,43.3354,2107700
2020-02-20,43.3916,44.0824,42.99,43.978,2220200
2020-02-21,43.745,43.7772,43.0141,43.4077,2355700
2020-02-24,41.8574,42.6125,41.7369,41.8012,3115800
2020-02-25,42.2912,42.4357,40.267,40.4999,3426900
2020-02-26,40.9979,41.9217,40.8373,41.0301,3056800
2020-02-27,39.8975,40.3232,38.8211,38.8452,4479900
2020-02-28,37.8733,38.5721,37.1102,38.5159,6011000
2020-03-02,39.3673,40.4999,38.8291,40.4597,4057000
2020-03-03,40.3071,41.3273,39.2388,40.3312,4147100
2020-03-04,41.2389,41.4558,40.3553,41.3192,2912100
2020-03-05,40.2348,40.8533,39.8894,40.3794,2204600
2020-03-06,38.9657,39.8975,38.5801,39.5681,3010700
2020-03-09,36.6764,37.8251,35.9294,36.3953,4427500
2020-03-10,37.8652,38.5078,35.8812,38.4757,3888900
2020-03-11,37.3672,37.6162,35.6563,36.4114,3463400
2020-03-12,33.8088,36.331,32.6441,35.7848,6520500
2020-03-13,37.1825,39.3432,35.5198,39.3031,5238500
2020-03-16,34.3229,35.6724,32.9092,32.9092,4638000
2020-03-17,33.4393,36.3873,32.3308,36.2668,4473800
2020-03-18,34.0578,35.8491,32.4353,34.5317,4210200
2020-03-19,34.106,37.3431,33.6321,34.2667,3452800
2020-03-20,34.604,34.7727,32.612,32.7164,3817500
2020-03-23,32.5638,33.1984,31.3429,32.7566,4791600
2020-03-24,34.6585,35.94,33.9483,35.4747,3622200
2020-03-25,35.8339,39.3111,35.1401,36.34,4310800
2020-03-26,36.4379,39.2622,36.3236,39.1561,3660700
2020-03-27,38.0133,40.3723,37.6378,39.1561,3417200
2020-03-30,39.352,41.3192,38.9112,40.707,2985300
2020-03-31,40.3478,41.3192,39.7193,39.8336,3620800
2020-04-01,38.6826,39.7519,38.0868,39.0663,3020400
2020-04-02,38.7071,39.8417,37.6705,38.8377,2798300
2020-04-03,38.7398,39.254,37.0991,37.3521,2492700
2020-04-06,39.0744,40.0131,38.5194,39.703,2334100
2020-04-07,40.8621,41.5722,40.0213,40.054,2782000
2020-04-08,40.3886,41.915,40.2172,41.6538,2168800
2020-04-09,42.1599,43.4822,41.711,41.8334,3275800
2020-04-13,41.4579,41.6293,40.4458,41.5559,2002100
2020-04-14,42.4864,42.9353,41.6538,41.9803,2809700
2020-04-15,41.5804,41.5804,40.356,41.0008,2328800
2020-04-16,41.2212,41.4906,40.0784,41.3273,2270500
2020-04-17,42.1436,42.4374,41.3355,42.013,1965600
2020-04-20,41.5804,42.0946,40.9355,41.4906,2064000
2020-04-21,40.4131,41.0253,39.956,40.6008,2720400
2020-04-22,41.5477,41.5804,40.7967,41.4171,2966800
2020-04-23,40.3478,40.9437,38.952,39.0908,5733200
2020-04-24,39.4826,39.7193,38.7887,39.6948,3117000
2020-04-27,40.0213,41.1151,39.8254,40.0213,2555800
2020-04-28,40.707,40.707,39.8989,39.9886,2368300
2020-04-29,40.7559,42.0293,40.1519,41.6783,2992500
2020-04-30,41.4334,41.6293,40.6498,40.7723,2676500
2020-05-01,39.6295,40.1274,38.4704,38.9438,3282600
2020-05-04,38.5765,38.854,37.6623,37.9072,2532100
2020-05-05,38.3643,38.9438,38.1112,38.1602,1782500
2020-05-06,38.6418,38.9438,38.0541,38.7887,2337900
2020-05-07,39.3111,39.8417,39.1152,39.7682,2570900
2020-05-08,40.4621,41.8007,40.2825,41.6783,2702500
2020-05-11,41.1641,41.2212,40.511,40.6988,1449100
2020-05-12,40.862,41.0988,39.6703,39.6866,1656300
2020-05-13,39.8009,39.8009,38.2745,38.7153,1767800
2020-05-14,38.201,39.2377,37.6215,39.2377,1775500
2020-05-15,38.5112,39.0255,38.2092,38.9928,1811000
2020-05-18,40.1356,40.5682,39.8417,40.307,1598800
2020-05-19,40.4458,41.6538,40.2499,40.9518,2078200
2020-05-20,41.4824,42.8456,41.4334,42.3232,2601200
2020-05-21,42.266,42.8537,41.7518,41.8416,2195600
2020-05-22,41.7599,41.9313,40.862,41.5967,1520400
2020-05-26,42.8129,43.0496,41.6865,41.7926,1820100
2020-05-27,42.0946,42.5844,40.9437,42.4538,2219900
2020-05-28,42.7231,42.8048,41.8497,41.9232,1801100
2020-05-29,41.7354,43.5557,41.7354,43.2945,4214000
2020-06-01,42.9598,43.2537,42.4864,42.568,2471100
2020-06-02,42.4129,43.0333,41.7681,43.0088,2571200
2020-06-03,43.0986,43.7679,42.6497,43.3598,2323300
2020-06-04,43.1639,44.5842,43.0904,44.1189,2592300
2020-06-05,44.8944,45.5066,44.2332,44.3965,2863700
2020-06-08,44.7964,45.5392,44.4944,45.4086,2929700
2020-06-09,44.8046,44.9923,44.1597,44.7556,2016200
2020-06-10,45.0005,45.4739,44.2495,45.1637,2393000
2020-06-11,44.0781,44.1026,41.5477,41.8416,3746200
2020-06-12,43.0904,43.1231,40.6498,41.311,4377900
2020-06-15,40.6988,41.4824,40.209,41.4171,3728000
2020-06-16,42.8537,43.0088,41.5069,42.1844,3349000
2020-06-17,42.3476,42.6252,41.4987,41.6457,2421100
2020-06-18,41.0661,41.2375,40.2417,40.5192,4329200
2020-06-19,40.8947,42.4864,40.5764,42.4864,10603400
2020-06-22,42.0375,42.1926,41.1967,41.5559,4659600
2020-06-23,41.622,41.8122,40.3322,40.4066,4799600
2020-06-24,40.1503,40.5968,39.092,39.3731,3598600
2020-06-25,39.3813,39.5136,38.2651,39.464,3006100
2020-06-26,39.2821,39.4557,38.5545,38.8356,3791600
2020-06-29,39.0589,39.555,38.8191,39.4888,2000900
2020-06-30,39.679,40.4149,39.5798,40.0263,2618700
2020-07-01,39.9932,40.0676,39.0671,39.1085,2478200
2020-07-02,39.6542,39.8692,39.0671,39.1416,2548100
2020-07-06,39.6873,39.9766,39.5054,39.7121,1871600
2020-07-07,39.5302,39.7121,38.91,38.9514,2117800
2020-07-08,38.9597,39.0341,38.108,38.4966,2607900
2020-07-09,38.5711,38.877,37.9757,38.6785,2313800
2020-07-10,38.8439,39.34,38.5793,39.1746,2159700
2020-07-13,39.5384,39.7286,39.001,39.1333,2757600
2020-07-14,38.7199,39.2573,38.5545,39.1746,3373400
2020-07-15,39.6873,40.018,39.2904,39.8857,2516700
2020-07-16,39.9932,40.3404,39.6294,40.1007,2933900
2020-07-17,40.2495,40.3487,39.6046,39.9105,1962800
2020-07-20,39.6211,40.2743,39.1912,40.1751,2294500
2020-07-21,40.4727,40.9523,40.3735,40.8613,4468000
2020-07-22,40.9688,41.1094,40.6381,40.9027,3152600
2020-07-23,40.911,42.0189,40.8613,41.3409,3574100
2020-07-24,40.9275,41.068,39.464,39.7203,4082000
2020-07-27,39.7699,41.0019,39.5715,40.9936,3403900
2020-07-28,40.9854,41.3988,39.9518,40.1586,4440300
2020-07-29,37.2399,37.8104,35.9914,36.6363,14154300
2020-07-30,36.4048,36.7603,36.1154,36.7107,3771400
2020-07-31,36.9174,37.5458,36.5123,37.3887,7369400
2020-08-03,37.5541,37.6864,36.9257,37.0084,3674800
2020-08-04,37.2895,37.8765,37.0332,37.5293,3177400
2020-08-05,37.7525,37.8683,36.9753,37.3143,3402600
2020-08-06,36.7934,37.2151,36.5205,37.1737,3215400
2020-08-07,37.1655,37.645,36.7603,37.4631,2781300
2020-08-10,37.5375,38.4966,37.5375,38.0915,3625200
2020-08-11,38.3478,38.6951,37.769,37.8517,3529500
2020-08-12,37.7938,37.9592,37.4135,37.736,2515600
2020-08-13,37.7442,37.7442,36.8347,37.1241,2910300
2020-08-14,37.2647,37.4962,37.0993,37.2647,1948700
2020-08-17,37.3722,37.5706,37.0662,37.1241,1749800
2020-08-18,37.2068,37.3804,36.8265,37.2564,2218800
2020-08-19,37.3556,38.0336,37.2978,37.5375,2540100
2020-08-20,37.3639,37.4218,36.9257,37.2399,2159500
2020-08-21,37.0497,37.1489,36.7934,37.0745,3163500
2020-08-24,37.1903,37.7194,37.0084,37.7112,2051600
2020-08-25,37.6368,38.2073,37.3308,37.5706,1950500
2020-08-26,37.5623,37.86,37.3308,37.8104,2073300
2020-08-27,38.075,38.1659,37.4631,37.6616,2112800
2020-08-28,37.9096,38.7695,37.6202,38.5297,2181700
2020-08-31,39.0589,39.8526,38.5628,39.679,4854300
2020-09-01,39.6955,39.7203,38.2569,38.9183,3031000
2020-09-02,38.9431,40.3901,38.9183,40.1751,3135800
2020-09-03,39.9436,40.1007,38.662,38.9349,3026700
2020-09-04,38.8191,39.464,38.1576,38.8687,3193200
2020-09-08,37.7938,38.2073,37.4135,37.7773,4418800
2020-09-09,38.538,38.6372,38.0832,38.2238,2512700
2020-09-10,38.6372,38.9101,37.86,37.9757,2639700
2020-09-11,38.0584,38.6124,37.8765,38.4801,2835700
2020-09-14,38.8274,39.5467,38.753,39.3979,3107800
2020-09-15,39.7617,39.8444,39.0175,39.1416,2591500
2020-09-16,39.5219,40.7373,39.3813,40.2412,3208300
2020-09-17,39.4144,40.6546,39.3235,40.6298,2672500
2020-09-18,40.7786,40.944,39.894,40.3652,4722900
2020-09-21,39.6873,39.9601,39.1416,39.8774,3362900
2020-09-22,40.0031,40.1121,39.5003,39.9864,2304900
2020-09-23,39.7266,41.2184,39.7266,39.9109,3520800
2020-09-24,39.4835,40.1205,39.2991,39.7433,2110900
2020-09-25,39.8607,40.4641,39.4416,40.4138,1839700
2020-09-28,40.6988,41.738,40.4893,41.6207,3549000
2020-09-29,41.5788,42.4923,41.4698,41.9643,3538200
2020-09-30,41.8805,41.9643,41.1262,41.2938,2925100
2020-10-01,41.7548,41.7548,40.9251,41.1178,1947500
2020-10-02,40.5731,41.2016,40.2965,40.8496,1728200
2020-10-05,41.2184,41.4698,40.8496,41.1597,2000000
2020-10-06,41.3609,42.2493,41.1094,41.5704,2669600
2020-10-07,41.6542,42.5678,41.6123,42.2828,2602900
2020-10-08,42.5845,43.0623,42.3415,43.0204,2403000
2020-10-09,43.2299,43.4394,42.5259,42.7186,2408700
2020-10-12,42.5342,43.1964,42.5259,42.9868,2120900
2020-10-13,43.3891,43.9926,42.8695,42.8946,2463200
2020-10-14,42.9449,43.3304,42.6851,42.7773,2016800
2020-10-15,42.4001,43.0455,42.1236,43.0371,1501300
2020-10-16,42.7102,43.3891,42.4169,43.1125,2304900
2020-10-19,43.2466,44.42,43.0623,43.7076,3693100
2020-10-20,43.9926,44.2943,43.4226,43.4897,2299500
2020-10-21,43.6238,43.7914,43.1293,43.3221,3478100
2020-10-22,42.9952,43.6657,42.9365,43.4059,3960300
2020-10-23,41.7213,43.2131,41.0089,42.5259,5912600
2020-10-26,42.2828,42.5929,40.7323,41.034,4051700
2020-10-27,41.1262,41.1933,40.615,40.6988,3541300
2020-10-28,40.2294,40.4893,39.4751,40.0115,3618700
2020-10-29,39.978,40.1289,39.3243,39.9445,3619700
2020-10-30,39.6679,40.1205,39.4751,40.0786,3416300
2020-11-02,40.6317,40.8915,40.1875,40.7072,2765500
2020-11-03,41.2268,42.4421,40.9837,42.199,2764500
2020-11-04,42.442,43.0036,42.1152,42.2996,3435500
2020-11-05,42.5342,44.3781,42.4085,44.2105,3147500
2020-11-06,44.0931,45.0821,43.5819,44.8307,2880700
2020-11-09,46.0124,46.5823,45.3503,45.3838,4140900
2020-11-10,45.3419,46.2722,45.3419,45.8616,3698300
2020-11-11,46.0962,46.2806,45.4844,45.7861,2669000
2020-11-12,45.7358,45.7358,44.2272,44.5792,3013200
2020-11-13,44.8055,46.0962,44.8055,45.8532,2628200
2020-11-16,46.0962,46.9343,46.0795,46.884,3242400
2020-11-17,46.4399,46.8422,46.0962,46.5237,2207000
2020-11-18,46.6578,47.3115,46.2974,46.2974,2499700
2020-11-19,45.9286,47.0014,45.7023,46.8673,1931300
2020-11-20,46.7751,47.3115,46.5823,46.6075,2174800
2020-11-23,47.0265,47.806,46.9427,47.7054,3005400
2020-11-24,48.2502,49.2894,47.806,49.0715,3521800
2020-11-25,48.929,49.038,48.2334,48.8955,2488800
2020-11-27,49.1889,49.5576,48.8704,49.0128,1463300
2020-11-30,49.0548,49.7336,48.7111,49.2894,4122800
2020-12-01,49.742,51.0495,49.323,50.5298,3974400
2020-12-02,50.4544,51.4601,50.379,51.2925,2433000
2020-12-03,51.1501,52.6587,51.1333,52.248,3649000
2020-12-04,51.963,53.9074,51.963,53.6979,3216500
2020-12-07,53.4549,53.9829,52.9185,52.9855,3351100
2020-12-08,52.5246,53.9913,52.4659,53.5219,3160900
2020-12-09,53.7901,54.7456,52.9604,53.2453,2886900
2020-12-10,52.7425,54.5193,52.4826,54.3265,3195600
2020-12-11,54.3852,55.2903,53.2621,54.2762,2921200
2020-12-14,54.645,55.1143,54.0583,54.1756,2752000
2020-12-15,54.8294,55.3155,54.3433,55.2987,2117000
2020-12-16,55.3155,55.7429,55.1478,55.5753,2064600
2020-12-17,55.8183,55.8938,55.2317,55.4915,2499100
2020-12-18,55.6842,55.8854,54.1421,54.2427,6019000
2020-12-21,53.8152,54.5528,53.3627,54.5193,2495400
2020-12-22,54.6293,54.9427,53.8333,53.9519,1794300
2020-12-23,54.0112,54.0874,53.3506,53.376,1457800
2020-12-24,53.5115,53.5115,52.8425,53.3083,797300
2020-12-28,54.0789,54.1805,52.6647,52.9441,1781900
2020-12-29,52.6478,52.7578,51.3182,51.4537,2520500
2020-12-30,51.0049,51.9449,50.8948,51.3182,3258900
2020-12-31,51.3182,52.7409,51.0303,52.6393,3483700
2021-01-04,52.7494,53.0542,50.6662,50.8779,3266200
2021-01-05,50.6831,51.3944,50.6831,50.9456,3000400
2021-01-06,50.7424,51.3775,50.2428,50.7,3192300
2021-01-07,50.9372,51.2505,50.319,50.9033,3534600
2021-01-08,51.4114,51.4707,49.777,49.9633,3144300
2021-01-11,49.4721,50.1242,49.1503,49.7262,4921400
2021-01-12,49.9125,50.3105,49.7092,49.9887,4107700
2021-01-13,49.9802,50.9033,49.9548,50.717,4296200
2021-01-14,50.8101,51.3944,50.3613,50.7762,3074900
2021-01-15,50.5984,51.7332,50.573,51.242,6259900
2021-01-19,51.8263,52.2328,50.7593,51.8433,4425200
2021-01-20,52.0804,52.5292,51.8009,52.0126,2795600
2021-01-21,52.0126,53.3591,51.784,53.2998,6121800
2021-01-22,51.242,51.4453,49.4128,50.8101,9787600
2021-01-25,50.9033,52.3514,50.0818,51.8179,4524200
2021-01-26,52.038,54.9681,52.038,54.9257,4653700
2021-01-27,54.7394,65.2656,54.3076,60.735,20290200
2021-01-28,59.2785,59.668,56.1452,56.4416,7263000
2021-01-29,57.0428,58.0506,55.1628,55.9927,4117100
2021-02-01,55.5609,57.0174,55.4254,56.5178,2352700
2021-02-02,57.2291,57.2545,55.7302,56.5517,2312700
2021-02-03,56.323,58.0929,56.323,57.1275,2215200
2021-02-04,57.3138,57.5171,56.6109,57.3477,2010500
2021-02-05,57.4493,59.0753,57.3816,58.8043,1831700
2021-02-08,59.0075,60.9722,58.9482,60.4725,2307600
2021-02-09,60.608,61.3956,60.2862,61.277,1820600
2021-02-10,61.6496,61.946,59.8882,60.1168,2076800
2021-02-11,60.2269,61.3871,60.0491,61.3617,1809400
2021-02-12,61.2347,61.9968,60.7858,61.15,1496800
2021-02-16,61.4125,61.7258,60.0745,60.1253,2290000
2021-02-17,59.7442,60.7604,59.3208,60.4725,1924000
2021-02-18,61.421,62.5388,60.8366,61.3702,2934100
2021-02-19,62.1238,62.5218,60.862,61.9375,2491300
2021-02-22,61.7258,63.0384,61.3956,62.2255,2130300
2021-02-23,61.1415,61.6835,59.8713,61.15,3031800
2021-02-24,61.5057,64.6051,61.1246,62.9537,4154700
2021-02-25,63.8175,63.9954,61.6158,61.692,2933900
2021-02-26,61.4718,63.9107,61.4464,62.0138,3657800
2021-03-01,63.7582,63.809,62.2932,62.5049,2539600
2021-03-02,61.9714,62.8267,61.3109,61.4125,2241700
2021-03-03,62.3948,64.7406,62.1746,64.3087,5505500
2021-03-04,61.6496,62.2001,59.5833,60.6419,8329100
2021-03-05,61.7174,62.6658,60.2862,62.1408,4810500
2021-03-08,62.4626,63.7836,61.7174,63.14,4064900
2021-03-09,63.8768,64.5373,63.2332,63.6397,3097000
2021-03-10,64.2071,64.2664,63.1147,63.4534,2122500
2021-03-11,64.1647,66.0531,63.953,65.418,2712400
2021-03-12,65.1979,65.3418,64.5627,65.02,2614500
2021-03-15,65.3164,65.4011,62.8775,63.8599,2650900
2021-03-16,63.5889,64.351,63.2586,63.9191,2454300
2021-03-17,65.1132,66.087,63.8853,66.0362,3426700
2021-03-18,65.0285,65.1132,62.2594,62.5558,4150600
2021-03-19,62.8606,64.0377,62.6235,63.1993,9605100
2021-03-22,63.9953,64.8591,63.7328,64.3087,3088000
2021-03-23,63.7961,64.2916,61.2415,62.0275,2921700
2021-03-24,62.412,62.9331,60.8741,60.9425,1936800
2021-03-25,60.652,62.6427,60.259,62.3522,2680700
2021-03-26,62.2753,65.0007,62.019,64.9495,2832600
2021-03-29,64.6761,65.8978,64.1464,64.2745,2365500
2021-03-30,64.1463,64.9067,63.8644,64.6761,1913600
2021-03-31,64.7871,66.2396,64.4454,65.5731,2765200
2021-04-01,66.0089,67.0683,65.6159,67.0598,3178800
2021-04-05,67.5468,68.2303,67.2905,67.6664,2188700
2021-04-06,67.205,67.786,66.6497,67.2563,2314200
2021-04-07,67.393,68.179,67.2221,67.4613,1680900
2021-04-08,68.3413,68.4695,66.8547,68.3499,2302200
2021-04-09,68.2815,69.0077,67.8372,68.8027,2022300
2021-04-12,69.059,69.059,67.692,68.273,1954500
2021-04-13,68.7429,68.7771,67.2648,68.3328,2465300
2021-04-14,68.3584,68.9394,67.5382,68.5891,3445100
2021-04-15,68.7941,69.7596,68.4353,69.4862,2535000
2021-04-16,69.734,70.7848,69.4862,70.1184,5786300
2021-04-19,70.0073,71.0582,69.6656,70.3406,3111500
2021-04-20,70.5029,71.5281,70.3149,70.4089,2832400
2021-04-21,70.5456,71.7332,69.7168,71.6648,2646400
2021-04-22,71.8699,72.6815,71.0241,71.8357,4529300
2021-04-23,71.3316,76.2272,71.0839,76.1674,4343700
2021-04-26,76.5348,80.106,76.5348,79.6874,5177900
2021-04-27,79.226,80.8237,79.2089,80.5076,3829500
2021-04-28,80.875,81.5499,80.3196,81.3363,2972900
2021-04-29,81.849,82.9767,80.6101,82.729,3231400
2021-04-30,82.8828,82.9597,78.8843,79.32,4829600
2021-05-03,80.3111,80.3111,77.6881,78.2606,3622700
2021-05-04,77.8676,77.8676,74.2194,75.5949,5893000
2021-05-05,76.3297,76.5177,74.6039,75.5522,3836900
2021-05-06,75.9623,76.9021,75.0054,76.885,3609400
2021-05-07,76.9449,78.5853,75.5095,78.2264,4634900
2021-05-10,78.9953,79.0295,75.8854,76.885,4500400
2021-05-11,75.5164,76.7129,73.726,74.6814,5254500
2021-05-12,73.9412,74.6298,72.211,72.6586,3179100
2021-05-13,73.1751,75.5508,73.0201,74.9999,3082500
2021-05-14,76.1792,85.2777,76.1104,84.3308,9345400
2021-05-17,83.7197,91.4323,83.6766,89.7193,10344500
2021-05-18,90.1669,90.5112,86.4914,87.0853,4536000
2021-05-19,81.5763,86.0094,78.9165,85.6995,4625400
2021-05-20,86.939,87.7998,82.2047,83.3409,3285700
2021-05-21,81.7657,83.0999,80.3798,80.8446,3355000
2021-05-24,81.9637,85.7339,80.8791,84.4858,3465600
2021-05-25,84.4944,84.7268,80.1216,80.4831,3244700
2021-05-26,81.4214,83.3323,80.6811,83.3151,2589400
2021-05-27,83.6422,84.3566,82.4371,83.0052,3255200
2021-05-28,84.3997,84.3997,81.7313,82.4199,2333600
2021-06-01,84.4858,85.1055,83.0741,84.5718,2214800
2021-06-02,85.1141,86.4139,83.9693,84.3825,2157200
2021-06-03,82.9794,84.348,82.6867,83.9865,1392000
2021-06-04,84.4513,85.6564,84.1156,85.3207,1250000
2021-06-07,85.82,85.8544,84.0468,84.9161,1734400
2021-06-08,85.2949,87.1026,83.3926,86.7927,3200600
2021-06-09,87.4985,87.4985,85.4757,85.5015,2284700
2021-06-10,85.82,86.2073,83.3409,83.8918,2105200
2021-06-11,84.262,85.5187,82.6523,83.2979,2318400
2021-06-14,83.2893,83.5044,80.9393,81.4816,2018700
2021-06-15,81.8776,82.3768,80.7155,80.8619,1382800
2021-06-16,80.6983,81.1459,79.519,79.7859,1840000
2021-06-17,79.192,79.6826,75.4217,76.4547,3802900
2021-06-18,75.1291,75.6369,73.1665,73.4247,4831700
2021-06-21,74.363,74.604,72.891,73.4333,2641800
2021-06-22,73.4505,73.4763,72.0388,72.7361,2459800
2021-06-23,72.9857,74.0186,72.2454,72.9599,2263600
2021-06-24,74.7761,74.7761,73.5969,74.363,2002700
2021-06-25,74.2338,75.4906,74.1133,74.4576,1727900
2021-06-28,74.4577,74.9827,74.0273,74.208,1428500
2021-06-29,74.4577,75.5939,74.2855,75.4734,1739600
2021-06-30,76.2136,76.4375,74.9397,75.6886,1533600
2021-07-01,75.8349,76.0845,74.449,74.5609,1648800
2021-07-02,74.8364,75.0344,73.8465,74.9139,1294800
2021-07-06,74.6384,75.4131,73.2698,73.7088,1729100
2021-07-07,74.0789,75.8091,73.6313,75.5939,2161800
2021-07-08,73.1751,75.7316,72.8049,74.4576,1894300
2021-07-09,75.3529,76.2739,74.9225,75.7144,1437000
2021-07-12,76.1362,76.9797,75.5508,76.5924,1384200
2021-07-13,75.7574,76.8679,75.3529,76.1792,1584100
2021-07-14,77.04,77.7544,76.4719,77.1433,1500100
2021-07-15,77.961,78.0902,73.5624,74.1564,2136300
2021-07-16,74.363,74.8794,72.366,72.7017,1611900
2021-07-19,71.488,72.6844,70.696,72.5553,1938100
2021-07-20,72.5209,74.0359,72.3573,73.5883,2470500
2021-07-21,70.3689,72.2971,67.8813,71.1006,6407600
2021-07-22,70.9973,72.1594,70.5497,71.5654,2309900
2021-07-23,71.6257,73.6829,71.5912,73.5797,2723200
2021-07-26,73.7949,75.1463,73.7949,74.2597,2467300
2021-07-27,74.01,74.0789,71.5568,73.3214,2111700
2021-07-28,73.3559,74.9397,73.2612,74.5437,1436900
2021-07-29,75.5164,75.5164,73.8121,75.0602,1011200
2021-07-30,74.6728,76.5665,74.4662,75.6627,3085100
2021-08-02,76.3083,76.842,75.5939,76.1792,2174100
2021-08-03,76.3169,78.4172,75.9038,77.8319,1962200
2021-08-04,77.4187,77.7975,76.6182,76.885,1617100
2021-08-05,77.2982,78.4259,77.0486,78.2451,1784000
2021-08-06,78.6325,80.2077,78.6238,79.3211,1472100
2021-08-09,79.0542,80.1646,78.6238,79.6395,1044400
2021-08-10,79.9408,80.7241,79.4071,79.8548,1547200
2021-08-11,79.8806,81.1631,79.0198,81.0254,1704500
2021-08-12,81.3267,81.3267,77.4273,78.1848,2058700
2021-08-13,77.8233,78.9768,77.5651,77.763,1347400
2021-08-16,78.994,79.5276,77.9868,78.0815,1787400
2021-08-17,77.1261,78.4603,76.601,77.6512,1255600
2021-08-18,77.6512,78.1934,76.5924,76.6354,1384200
2021-08-19,75.8177,76.4288,75.284,75.8693,1435100
2021-08-20,76.0329,77.0572,75.7402,76.9883,1269800
2021-08-23,77.5307,79.4846,77.436,78.8993,1254900
2021-08-24,78.0729,78.4689,72.8996,74.0875,5323300
2021-08-25,73.9412,77.0658,73.9412,74.7934,3235600
2021-08-26,74.8278,75.0602,72.8566,72.9427,2325000
2021-08-27,73.046,74.9741,73.0287,74.2941,1659000
2021-08-30,74.3285,75.1204,73.8379,74.7503,1484200
2021-08-31,74.8967,75.9468,74.5007,75.3959,1896900
2021-09-01,75.9382,75.9382,74.0273,75.0516,2051900
2021-09-02,75.6714,77.1261,75.2754,77.04,1629000
2021-09-03,77.1605,78.116,76.9883,77.7458,1484600
2021-09-07,78.0299,78.159,75.723,75.8005,1810500
2021-09-08,74.3716,74.3974,71.7634,72.5898,3542800
2021-09-09,72.6844,76.2653,72.6156,75.1807,4818400
2021-09-10,75.086,75.7488,71.97,72.2368,3662700
2021-09-13,72.1938,72.9857,71.5912,72.2541,1856000
2021-09-14,72.0303,73.1493,70.6444,71.2125,2100000
2021-09-15,71.4277,72.6414,71.2297,72.607,1867000
2021-09-16,72.4348,74.0359,72.4176,73.0115,1782600
2021-09-17,72.5123,73.3214,71.8925,72.0819,4437200
2021-09-20,70.851,71.4793,69.9988,71.4019,2267000
2021-09-21,72.0961,72.1569,70.5428,70.7858,1697600
2021-09-22,71.6362,72.8251,71.2891,71.9746,1504700
2021-09-23,72.4345,74.4131,72.287,73.797,1564500
2021-09-24,73.8404,74.8557,73.1982,74.6995,1247600
2021-09-27,74.6214,76.5739,74.3611,75.4198,1250200
2021-09-28,74.8557,75.5065,72.799,73.068,2114400
2021-09-29,72.8424,73.3197,71.5754,72.1134,1578800
2021-09-30,72.4866,72.6602,71.5754,71.6101,1228400
2021-10-01,72.6081,73.7796,70.5861,73.2502,1655500
2021-10-04,73.0941,74.3784,72.53,73.016,2131600
2021-10-05,73.2676,74.4391,71.8792,73.8924,2085000
2021-10-06,70.4386,71.1155,68.8679,69.9527,4414100
2021-10-07,70.6035,71.7056,70.0047,70.968,2111200
2021-10-08,71.3585,71.6362,69.2845,69.3626,1985700
2021-10-11,69.2931,71.3498,69.163,70.8378,2514400
2021-10-12,71.1155,71.2457,67.8613,68.5642,2558100
2021-10-13,68.7551,69.6837,68.3473,69.0502,1357400
2021-10-14,69.8572,72.4519,69.701,71.5928,2102600
2021-10-15,71.5581,72.287,70.9159,71.1502,1733200
2021-10-18,70.6295,71.3411,70.1089,70.4994,1911800
2021-10-19,70.5081,70.7337,69.2845,70.3952,2425500
2021-10-20,70.4907,71.3238,69.8398,69.8832,1983200
2021-10-21,69.5535,71.3758,69.2844,71.3671,2606300
2021-10-22,75.064,77.2074,73.849,75.6974,5172600
2021-10-25,76.8776,77.9884,76.0012,77.3723,3979600
2021-10-26,76.1574,77.2334,74.578,76.4264,3877500
2021-10-27,76.9471,77.2334,75.9665,76.3917,2154400
2021-10-28,76.7909,78.0926,76.7909,77.7107,1766100
2021-10-29,76.5826,77.702,76.1574,77.2942,2702300
2021-11-01,77.7107,80.9215,77.6326,79.75,2293400
2021-11-02,79.9496,79.9583,78.5264,79.6806,1754500
2021-11-03,80.0104,82.284,79.7587,81.1038,2722000
2021-11-04,81.5724,82.7266,81.2513,82.7005,1375900
2021-11-05,83.0476,84.4882,82.9001,83.9588,1636900
2021-11-08,84.2799,85.1651,84.1758,84.8006,1275200
2021-11-09,84.7745,86.3452,84.0803,86.163,2631900
2021-11-10,86.0675,87.3605,85.1997,85.9287,1876500
2021-11-11,86.0415,92.576,85.9981,91.3437,5507400
2021-11-12,91.9338,101.471,91.6387,93.8256,7778500
2021-11-15,93.8863,93.9818,91.3003,91.6908,3037300
2021-11-16,92.064,92.3764,89.6689,89.9553,2918100
2021-11-17,89.9639,90.6842,87.0915,87.5515,3194800
2021-11-18,88.0201,88.4626,86.9961,87.8639,2736700
2021-11-19,88.4106,89.2263,87.3432,87.456,1831300
2021-11-22,87.7337,89.9813,87.3345,88.1849,2405400
2021-11-23,88.454,89.7904,86.7878,88.1503,2040700
2021-11-24,87.8031,88.2891,87.213,87.6816,1644700
2021-11-26,86.1022,87.0915,85.1043,85.5816,1345400
2021-11-29,87.4473,90.6234,87.3779,90.3024,2425400
2021-11-30,89.3391,90.8838,88.2023,89.0961,4115800
2021-12-01,90.3891,94.112,89.9986,90.1114,3057500
2021-12-02,89.6342,92.0813,89.0528,91.2136,2016200
2021-12-03,90.0507,92.2636,89.4606,91.4739,3038400
2021-12-06,90.8925,91.4392,88.1676,89.8945,1937800
2021-12-07,91.2136,94.9277,90.502,94.1727,2593200
2021-12-08,94.4504,94.5893,90.6495,91.7255,2301000
2021-12-09,91.4305,92.1421,89.235,89.3217,1519800
2021-12-10,89.8251,90.233,88.211,90.1722,1214000
2021-12-13,89.9726,90.0594,87.43,88.237,1458900
2021-12-14,87.6903,89.0527,86.8399,88.8965,1824100
2021-12-15,89.1395,90.8578,87.2998,90.7102,1610900
2021-12-16,91.4912,92.628,90.2416,90.7797,2084000
2021-12-17,90.1982,91.3871,88.9833,90.6929,4205400
2021-12-20,90.1548,91.9772,89.5127,91.2309,1986700
2021-12-21,93.9478,95.4679,92.419,95.4155,2088600
2021-12-22,94.6642,96.4027,93.6945,96.3677,1583800
2021-12-23,96.6648,98.0101,96.5337,97.3374,1105300
2021-12-27,97.4772,99.5476,97.416,99.2506,849200
2021-12-28,99.5913,99.8447,98.7177,99.4516,753200
2021-12-29,99.6787,101.644,99.6787,100.465,1456000
2021-12-30,100.456,101.234,99.3118,99.3991,1446700
2021-12-31,99.3205,100.579,98.4993,98.7003,1060200
2022-01-03,98.7439,99.9495,97.4772,98.8575,1421700
2022-01-04,99.3118,101.775,98.9798,101.356,1590000
2022-01-05,101.312,102.797,99.8534,100.212,2276300
2022-01-06,100.177,100.902,97.8616,98.1761,1644000
2022-01-07,97.8441,98.412,96.1231,96.9356,1501500
2022-01-10,96.0969,100.098,95.5116,99.9583,2566100
2022-01-11,99.8097,100.465,94.9,97.5995,2403500
2022-01-12,98.4469,99.9844,97.8092,98.9186,1286200
2022-01-13,99.5913,99.7835,96.4726,96.8307,1195100
2022-01-14,96.2105,97.3374,94.4807,95.398,1288000
2022-01-18,94.472,94.638,91.7463,92.1307,1579200
2022-01-19,92.6461,92.8995,89.1866,89.4225,2063200
2022-01-20,90.7155,90.8465,87.5705,87.7365,2158100
2022-01-21,86.6794,86.9764,83.2112,83.447,2735400
2022-01-24,81.8484,85.0807,80.3108,84.8798,3036700
2022-01-25,83.1238,84.2071,80.2759,82.8006,2324900
2022-01-26,85.4738,86.4435,82.556,84.1372,3665600
2022-01-27,93.7294,102.238,89.5623,90.5757,11944400
2022-01-28,89.641,93.6508,87.9374,93.4936,3850900
2022-01-31,93.0393,95.7387,92.7947,93.6071,3820500
2022-02-01,93.6071,94.9962,92.1744,94.3147,1931800
2022-02-02,94.4108,96.6385,93.8605,96.4376,2075100
2022-02-03,94.8826,96.0532,94.4371,94.4982,1565500
2022-02-04,94.1837,96.0095,93.3014,94.9787,1297400
2022-02-07,95.7824,96.1319,94.7865,95.6077,1374100
2022-02-08,95.7649,96.9705,94.9525,96.7434,1284300
2022-02-09,98.0188,98.1673,96.324,97.914,1227400
2022-02-10,96.8133,99.1545,95.7125,96.1668,1794300
2022-02-11,96.6036,97.5296,94.4545,94.9699,1734400
2022-02-14,94.6642,94.9088,92.0958,92.716,1809500
2022-02-15,94.1924,96.4463,93.5198,96.027,1204800
2022-02-16,95.5727,98.3945,95.3019,97.7131,1329200
2022-02-17,97.4685,98.3945,96.7172,97.1365,1221900
2022-02-18,96.7347,96.9531,94.7341,94.9088,1906500
2022-02-22,93.6595,94.7079,92.1132,93.7818,3470800
2022-02-23,94.3322,94.9001,91.3183,91.5804,2818100
2022-02-24,87.7103,90.2699,86.8629,90.1214,2948600
2022-02-25,90.4796,91.7638,89.5448,91.6415,1911300
2022-02-28,90.1389,91.327,88.7411,90.1214,2011900
2022-03-01,89.8069,91.0911,87.4132,87.9025,1672300
2022-03-02,88.5839,92.6811,88.514,92.3404,1652000
2022-03-03,92.5675,93.1441,90.9426,91.4318,950800
2022-03-04,90.2262,91.2047,88.9595,90.1389,1591900
2022-03-07,89.3439,91.2047,87.3608,87.4395,1541300
2022-03-08,87.8762,90.3922,78.8257,79.1227,5207500
2022-03-09,80.171,80.5117,76.2223,78.9654,3827200
2022-03-10,78.0569,78.45,76.2835,77.5065,2047700
2022-03-11,78.1355,78.3976,75.3574,76.2922,1871100
2022-03-14,76.2136,76.729,73.8286,75.4361,2426300
2022-03-15,75.602,77.7337,75.1652,77.4104,2165200
2022-03-16,78.1705,79.2887,76.9998,79.0091,1852900
2022-03-17,78.5636,80.7563,77.7511,80.4593,1756200
2022-03-18,80.04,82.6259,79.8041,82.3987,3945100
2022-03-21,82.522,83.3757,80.8321,81.2105,1267800
2022-03-22,81.501,82.5748,80.5328,82.4427,1445600
2022-03-23,82.2139,82.2139,79.9167,80.4536,1397300
2022-03-24,81.0345,82.7156,80.7793,82.6628,1296200
2022-03-25,82.3283,82.3283,77.9188,80.0224,2736300
2022-03-28,79.6527,81.3954,79.4326,81.3161,1316900
2022-03-29,82.434,83.3317,80.4184,82.4251,1410300
2022-03-30,82.4339,82.7508,79.9079,80.4184,1160400
2022-03-31,80.7001,81.0521,79.0366,79.1246,2125400
2022-04-01,79.6439,79.9167,77.0739,78.7021,1834800
2022-04-04,79.195,80.2864,78.7814,80.0664,1111800
2022-04-05,79.8023,80.7969,77.2323,77.5844,1663300
2022-04-06,76.2906,77.0123,75.3312,75.7801,1544200
2022-04-07,76.0353,76.6162,74.9175,76.1585,1476700
2022-04-08,75.8593,76.0089,74.6711,74.8471,1117500
2022-04-11,74.7503,75.0408,73.0956,74.3894,1376600
2022-04-12,75.1992,76.4138,73.0604,73.1837,1891200
2022-04-13,73.4565,74.4598,72.7964,74.0198,1519400
2022-04-14,71.4498,72.858,71.1945,71.6522,2806400
2022-04-18,71.6434,73.2805,71.529,72.4443,1909400
2022-04-19,71.7402,74.319,71.5378,74.0462,1865400
2022-04-20,74.8295,76.537,74.5391,75.4808,1863100
2022-04-21,75.8857,76.4666,73.8526,74.1518,1310500
2022-04-22,73.8174,74.011,72.3651,72.5412,1564400
2022-04-25,71.749,72.8404,71.1153,72.6468,2155300
2022-04-26,72.0835,72.2155,69.4871,69.7423,2797600
2022-04-27,70.4112,74.6711,70.2088,71.8635,3259100
2022-04-28,71.8899,73.1573,70.4024,72.3211,2145600
2022-04-29,73.034,74.7327,72.0747,72.2067,2798400
2022-05-02,72.2595,72.6292,70.4464,72.5676,1960800
2022-05-03,73.0252,74.1078,72.1187,73.835,2309900
2022-05-04,74.0374,76.3434,72.6556,76.0881,2099700
2022-05-05,74.9351,75.076,71.9867,72.8052,2042600
2022-05-06,72.1715,73.8086,71.5026,72.7172,1479600
2022-05-09,71.3002,72.6468,70.376,70.7281,1592100
2022-05-10,71.7754,72.3211,70.2352,71.1153,1867400
2022-05-11,70.5872,71.9955,67.7004,67.8852,1611500
2022-05-12,67.4011,68.959,67.1371,68.739,1780200
2022-05-13,69.7951,71.441,69.5927,71.0361,1399300
2022-05-16,70.9921,73.747,70.7809,72.902,3144500
2022-05-17,73.5797,76.7922,73.5797,76.6602,1895700
2022-05-18,75.604,76.1409,73.2276,74.0198,1892500
2022-05-19,73.2277,74.3719,72.3299,72.6204,1584800
2022-05-20,73.1132,73.4829,68.7389,70.5168,2312700
2022-05-23,71.0361,72.2419,70.4816,72.1099,1274900
2022-05-24,71.7842,71.9691,68.9502,70.0152,1959700
2022-05-25,69.7951,73.5181,69.6191,72.7524,1806600
2022-05-26,72.2067,75.6921,72.2067,75.4544,1640400
2022-05-27,76.581,77.6724,75.7009,77.602,1451800
2022-05-31,76.405,76.5898,72.2243,74.5215,4015100
2022-06-01,74.8999,76.0705,73.6413,73.6501,1904800
2022-06-02,73.6501,75.0583,73.5181,74.4951,1086400
2022-06-03,73.3949,73.6941,71.9603,72.7964,1159700
2022-06-06,73.6589,74.2662,72.2859,72.6468,1175500
2022-06-07,71.9163,74.5039,71.749,74.363,1305200
2022-06-08,74.187,74.231,72.5764,73.6589,1841000
2022-06-09,73.1661,74.9879,72.8756,72.9196,1613800
2022-06-10,71.7578,72.3475,70.5256,70.9481,1540500
2022-06-13,69.223,69.9448,67.4804,67.806,2376300
2022-06-14,68.2109,68.3077,65.9049,66.565,1558900
2022-06-15,66.7851,68.0437,65.9753,67.1019,1815700
2022-06-16,65.1216,65.192,61.7066,62.3315,3201200
2022-06-17,62.4372,64.4175,61.9267,63.9774,3171200
2022-06-21,64.8839,65.6937,63.3085,63.9862,2077000
2022-06-22,63.7045,64.215,62.6308,63.018,3195800
2022-06-23,63.6136,63.6136,62.0225,62.8847,1790900
2022-06-24,63.0803,66.1556,63.0269,65.9067,1948500
2022-06-27,66.5111,66.5111,65.2934,65.9601,1046100
2022-06-28,66.3689,66.8578,64.458,64.8046,1657400
2022-06-29,64.8046,64.929,63.1692,63.5336,1411100
2022-06-30,62.5559,64.2269,62.0492,63.498,1526600
2022-07-01,63.1158,63.5691,60.4582,61.4093,1782500
2022-07-05,60.0849,63.4002,59.8716,63.3825,1796300
2022-07-06,63.178,63.9691,62.3959,63.578,1610100
2022-07-07,64.2535,66.5911,64.0757,66.2089,1714400
2022-07-08,65.4979,67.1511,65.1779,66.5467,1105000
2022-07-11,66.2623,66.6534,65.4268,66.0667,1330900
2022-07-12,66.3423,67.4355,65.9512,66.4667,1163200
2022-07-13,65.329,66.7689,65.1068,66.2712,1432800
2022-07-14,65.3557,67.4533,64.0135,67.1778,1550100
2022-07-15,67.7822,69.2576,66.9911,68.9554,1985300
2022-07-18,69.471,70.6175,68.591,68.8932,1577800
2022-07-19,69.2043,71.9952,69.0888,71.8086,2298200
2022-07-20,71.3464,73.0707,71.1242,72.9463,2211000
2022-07-21,73.2662,74.4662,72.0663,74.3151,3380600
2022-07-22,66.6622,70.4309,66.6622,68.2888,8009900
2022-07-25,68.3599,70.2087,66.9111,68.0133,3441500
2022-07-26,67.9421,69.1332,67.5422,67.5422,2383400
2022-07-27,67.6488,70.3331,66.9911,69.9331,2387800
2022-07-28,69.8442,71.2308,68.5021,70.9286,1859600
2022-07-29,70.662,71.8708,70.2087,71.0886,3995200
2022-08-01,70.1909,71.293,69.0265,70.6975,1325600
2022-08-02,70.2176,71.4708,69.6043,70.2264,1309700
2022-08-03,70.662,71.693,70.2531,71.2486,1169900
2022-08-04,71.293,71.7463,70.4131,71.453,1180600
2022-08-05,70.2709,72.0308,69.8798,71.9508,1223800
2022-08-08,71.8352,72.653,71.4264,72.0663,1163000
2022-08-09,71.4175,71.4353,67.2578,68.7421,2195500
2022-08-10,69.8976,71.7464,69.8176,71.4086,1282900
2022-08-11,72.2707,74.3417,71.4886,73.3018,1766200
2022-08-12,73.4707,74.2262,73.124,74.1551,1019000
2022-08-15,73.6662,73.6929,72.1997,73.0618,1259600
2022-08-16,72.5285,73.2396,72.333,72.7507,845800
2022-08-17,71.9241,71.9241,69.3643,70.4309,2550500
2022-08-18,70.6798,72.7063,70.6709,72.5552,1067400
2022-08-19,71.8619,71.8619,70.7331,71.0797,1014700
2022-08-22,69.5154,69.9331,67.8177,68.0577,1880700
2022-08-23,68.1377,68.7243,66.84,67.16,1658600
2022-08-24,66.9645,68.1644,66.9289,67.6133,1131100
2022-08-25,68.1466,70.4487,68.1199,70.4309,1215500
2022-08-26,70.0042,70.0309,66.2712,66.3245,1789400
2022-08-29,65.409,66.6267,64.4402,64.4935,1290000
2022-08-30,64.1202,64.1735,61.1693,61.7026,3582100
2022-08-31,58.1384,60.2893,57.8628,59.5161,6244300
2022-09-01,57.8539,58.805,56.4407,58.5917,3028500
2022-09-02,59.4538,59.9427,57.8362,58.1917,1727200
2022-09-06,58.2717,58.7516,56.6718,58.085,2432400
2022-09-07,57.6495,58.7072,57.1695,58.325,1734800
2022-09-08,57.8184,58.9028,56.6896,58.7783,1813700
2022-09-09,59.6671,61.507,59.3827,61.1782,2292300
2022-09-12,61.5248,62.0848,60.8671,61.1248,1917900
2022-09-13,59.4627,59.7738,57.5962,57.9873,2466100
2022-09-14,57.8362,57.9961,55.6407,56.1918,2989200
2022-09-15,56.0585,56.4763,55.1963,55.623,3894900
2022-09-16,55.4008,55.8274,54.6986,55.7385,3219400
2022-09-19,54.9119,55.8007,54.5386,55.1252,2315400
2022-09-20,54.5589,54.6937,53.2374,53.8757,2143300
2022-09-21,53.9745,55.6736,53.4801,53.5161,1875200
2022-09-22,53.1115,53.4441,52.644,52.8958,1290000
2022-09-23,52.2215,52.4463,51.1338,51.9428,2087500
2022-09-26,51.3046,51.826,49.5875,49.7943,2443500
2022-09-27,50.8101,51.0439,49.9471,50.8191,1524300
2022-09-28,50.8281,51.4304,50.6034,51.2237,1429900
2022-09-29,50.091,50.091,47.6817,48.8863,4334000
2022-09-30,48.8863,49.7673,47.7536,47.8525,2632600
2022-10-03,48.1582,50.0101,48.1582,49.2279,4374100
2022-10-04,50.1359,51.7451,50.064,51.2416,4755700
2022-10-05,50.2258,51.9249,49.6415,51.6282,2745200
2022-10-06,51.1338,51.3405,49.0751,50.082,3313400
2022-10-07,48.9672,50.3337,47.8525,48.329,2926300
2022-10-10,48.4818,48.6346,46.3782,46.9535,1889700
2022-10-11,46.8726,47.7896,46.1534,46.7198,2802800
2022-10-12,46.9176,47.43,46.3602,46.585,1573800
2022-10-13,45.5332,48.5088,45.2185,47.6817,2100600
2022-10-14,47.9874,47.9874,44.6072,46.3962,3943900
2022-10-17,47.4929,47.8345,46.8636,47.6997,1861100
2022-10-18,48.7964,49.0392,46.9176,47.6188,1625700
2022-10-19,47.1064,48.1851,47.1064,47.5109,2211100
2022-10-20,47.9604,49.3987,47.448,47.6727,2690200
2022-10-21,47.6188,50.1359,47.4839,50.082,3434400
2022-10-24,50.3607,50.8371,49.3898,50.6214,3276800
2022-10-25,50.3067,52.1406,50.3067,52.1406,4275700
2022-10-26,47.6457,49.2819,45.3713,47.9963,10041400
2022-10-27,47.7716,48.7874,46.558,46.7108,5480800
2022-10-28,46.7468,47.3671,46.1624,46.2523,4390500
2022-10-31,45.8838,46.1355,44.5713,44.6432,4408000
2022-11-01,45.3983,46.4771,44.7241,45.8748,2528800
2022-11-02,45.686,46.0905,44.4454,44.4903,2400300
2022-11-03,43.8161,44.1218,42.6744,43.5914,2154700
2022-11-04,44.787,46.1714,44.6342,45.9557,2675000
2022-11-07,46.2793,47.5289,45.8478,47.2592,2224600
2022-11-08,47.7356,48.6166,46.9176,47.6457,2848900
2022-11-09,46.9086,47.0165,45.4343,45.4792,1933100
2022-11-10,47.8255,49.156,47.6098,48.3649,3155500
2022-11-11,48.5447,51.781,48.4998,51.3765,2597600
2022-11-14,50.8281,51.781,50.6393,50.6933,2131200
2022-11-15,52.0238,52.1946,49.9561,50.0999,3516400
2022-11-16,49.4437,49.4437,46.9535,48.4638,2886100
2022-11-17,47.6008,49.0931,47.3491,48.9133,1314300
2022-11-18,49.5426,49.6415,48.2121,49.0571,1405300
2022-11-21,48.4908,49.0481,47.9424,48.6346,1667900
2022-11-22,49.0482,49.2909,48.1851,48.6436,1647500
2022-11-23,48.8504,49.4077,48.6436,49.2729,1213900
2022-11-25,49.0841,49.8213,48.9313,49.174,883000
2022-11-28,48.6436,48.9762,46.8726,47.0255,2083200
2022-11-29,46.6569,47.0075,46.0096,46.2523,2313600
2022-11-30,45.7219,47.7356,44.6611,47.6188,4164300
2022-12-01,47.9514,48.4279,47.439,47.9154,2449200
2022-12-02,46.7468,47.6907,46.3422,47.6188,1992800
2022-12-05,47.5738,48.4548,46.8546,46.9715,1867700
2022-12-06,46.9715,47.3671,46.3602,46.9266,2660300
2022-12-07,46.2613,47.8076,46.1445,47.2592,1835100
2022-12-08,47.6278,49.4257,47.4659,48.9313,2433600
2022-12-09,48.6975,50.091,48.5088,48.6706,2454900
2022-12-12,48.5447,50.064,47.9424,50.0011,2566600
2022-12-13,51.781,52.3024,50.2168,50.4955,2859000
2022-12-14,49.9381,50.972,48.9133,49.219,2212800
2022-12-15,48.0862,48.3739,46.9086,47.0794,4101400
2022-12-16,46.6389,47.448,46.1445,46.8636,4321300
2022-12-19,46.7468,47.3671,45.3084,45.8388,2546300
2022-12-20,45.6383,46.9599,45.62,46.4951,2468300
2022-12-21,46.9599,47.3428,45.693,45.7932,2079400
2022-12-22,44.9091,45.7932,44.6083,45.7659,2214400
2022-12-23,45.7203,46.0576,45.2646,46.0393,1072500
2022-12-27,46.1761,47.6071,45.6292,47.4521,2427000
2022-12-28,47.3063,47.9079,46.2399,46.5315,1683700
2022-12-29,47.1149,48.7738,47.0055,48.3272,2045200
2022-12-30,47.6162,48.2634,47.2972,47.9535,1220500
2023-01-03,48.1631,48.7373,46.4313,47.2881,2887200
2023-01-04,48.2816,49.1202,47.6344,47.8441,2649800
2023-01-05,47.5068,48.8649,47.2972,48.7556,2111800
2023-01-06,49.2204,51.1072,48.4548,50.9614,2499100
2023-01-09,51.5265,51.6997,50.3051,50.4418,2025400
2023-01-10,50.5968,51.49,50.2778,51.4627,1918400
2023-01-11,51.2348,52.2557,51.1528,52.1463,1618600
2023-01-12,52.5382,53.2036,51.8637,52.6567,2669700
2023-01-13,51.964,52.7479,51.8546,52.1919,1268600
2023-01-17,51.8911,52.0825,50.9249,51.9367,2771500
2023-01-18,54.0331,54.5891,52.4015,53.5135,3945300
2023-01-19,53.4042,53.6867,52.1007,53.0396,2462800
2023-01-20,52.9666,54.1789,52.0278,54.0878,2185100
2023-01-23,55.1998,58.0983,55.136,57.6335,4092400
2023-01-24,58.6999,59.1648,56.5032,56.722,3787400
2023-01-25,55.6464,57.3965,55.0995,56.7402,4527700
2023-01-26,62.7014,64.7157,59.9031,62.9019,9520500
2023-01-27,62.2365,63.786,62.2365,62.8837,3587500
2023-01-30,61.9813,62.8016,60.7325,60.851,2803000
2023-01-31,60.2039,61.8446,59.5658,61.7807,4584300
2023-02-01,61.8992,64.8069,61.5711,64.2509,3877400
2023-02-02,64.9983,67.2132,64.3603,65.9645,3689500
2023-02-03,64.3329,66.0556,64.26,64.6155,1673600
2023-02-06,63.6311,63.9136,62.7925,63.5764,1616700
2023-02-07,63.6949,65.2171,63.2847,64.9892,2165200
2023-02-08,64.4605,65.2262,64.1871,64.7887,2091200
2023-02-09,65.8369,66.4203,62.9748,63.622,2567200
2023-02-10,64.0321,65.2535,63.1571,64.971,3299500
2023-02-13,64.734,65.2262,64.3785,65.0165,1576000
2023-02-14,64.0321,66.1833,63.7131,66.0465,1234100
2023-02-15,65.1533,65.9098,64.9163,65.5999,1093000
2023-02-16,64.5061,65.1077,63.9683,64.2874,1214000
2023-02-17,64.2782,64.7431,63.0295,64.0413,1804400
2023-02-21,63.0842,63.3667,60.9878,61.1427,2095200
2023-02-22,61.0333,61.2977,59.8575,60.5138,1711900
2023-02-23,61.4526,61.6714,59.9942,61.1427,1679600
2023-02-24,58.9369,61.0698,58.9278,60.2403,1302600
2023-02-27,60.4226,60.7325,58.4903,58.5632,2633600
2023-02-28,58.5996,59.3197,58.3809,58.8457,2159700
2023-03-01,58.545,59.1283,57.8431,58.4447,1908400
2023-03-02,57.8887,59.4473,56.9408,59.1192,2793500
2023-03-03,59.2833,59.3653,58.39,58.8549,2127400
2023-03-06,59.4747,59.5841,57.5423,57.7155,1829500
2023-03-07,57.3691,57.6153,56.3392,56.64,2331500
2023-03-08,57.0866,58.1621,56.5032,57.9981,3477300
2023-03-09,57.5423,59.0827,57.5423,57.6517,2477600
2023-03-10,57.6517,58.071,55.8561,56.2845,1646500
2023-03-13,55.61,56.0566,54.7076,54.9993,2514300
2023-03-14,56.0384,56.9316,54.817,55.6191,2090300
2023-03-15,54.425,54.981,53.6411,54.5526,2259300
2023-03-16,53.6138,56.0657,53.6138,55.7832,2279100
2023-03-17,56.0201,56.7402,55.3365,55.6464,5781300
2023-03-20,55.1087,57.0957,54.5344,56.567,2243300
2023-03-21,57.2953,57.5627,56.3273,57.2492,1680100
2023-03-22,57.0095,57.4244,55.765,55.7926,2025600
2023-03-23,56.0877,57.6364,55.8848,56.7883,2950300
2023-03-24,56.4933,56.8989,55.9402,56.8252,1758100
2023-03-27,57.3599,57.5995,56.8252,57.1663,2265900
2023-03-28,55.5069,55.9217,54.5573,55.7097,2594500
2023-03-29,57.157,58.9455,57.0188,58.8072,2919100
2023-03-30,59.6369,60.0979,58.8164,59.9043,1667000
2023-03-31,59.8674,61.0382,59.7199,60.9552,2096800
2023-04-03,60.8446,61.2871,60.1808,60.6141,2112500
2023-04-04,60.7155,60.7801,59.6,60.2361,1841600
2023-04-05,59.7383,59.8674,58.8257,59.7936,1405900
2023-04-06,59.3511,59.8029,59.0377,59.3696,1023700
2023-04-10,59.3419,61.6098,59.2682,61.1673,2317300
2023-04-11,61.453,62.1721,61.2687,61.6559,1278200
2023-04-12,62.5224,62.5224,60.7524,61.1949,1805900
2023-04-13,61.0474,61.1212,59.093,60.2454,2539100
2023-04-14,59.8305,61.4623,58.8625,58.9639,2600200
2023-04-17,58.6966,59.683,58.42,59.2313,1948700
2023-04-18,59.1022,59.3511,58.2264,59.2497,2579700
2023-04-19,58.1342,58.3002,56.9081,57.9499,2927600
2023-04-20,54.0687,57.0925,52.142,52.6214,7959700
2023-04-21,51.7179,52.2987,50.0769,52.0129,5906600
2023-04-24,52.0313,52.6214,51.4229,52.5568,2325200
2023-04-25,52.2249,52.4185,51.5981,51.7087,2386500
2023-04-26,52.3632,53.1007,51.6257,51.9392,1939500
2023-04-27,52.0037,52.5476,51.4321,52.3632,2686800
2023-04-28,52.7135,54.3545,52.5568,54.1793,2891900
2023-05-01,54.1517,54.4743,53.7461,53.9857,2335800
2023-05-02,54.0134,54.0503,52.3079,52.4093,1876600
2023-05-03,52.649,53.2298,51.4321,51.552,2351400
2023-05-04,51.3584,51.4506,50.2152,50.8145,1841500
2023-05-05,51.5427,52.0959,50.6485,51.5704,1564400
2023-05-08,51.4321,51.9945,51.0818,51.8931,885100
2023-05-09,51.2109,53.027,50.8052,52.8334,2185900
2023-05-10,53.4695,53.5617,52.4738,52.7965,2091100
2023-05-11,52.437,52.5384,51.6442,52.3632,1562300
2023-05-12,53.0639,53.1007,52.3263,53.0731,1853700
2023-05-15,54.2162,56.3458,53.5893,56.2905,2576500
2023-05-16,56.2905,56.8528,55.387,56.0508,2061500
2023-05-17,56.5117,57.0003,55.5437,56.3642,1806700
2023-05-18,56.3366,58.1435,56.2075,57.8485,2010800
2023-05-19,57.8761,58.1066,56.862,57.3967,1308100
2023-05-22,57.0372,58.3371,56.862,58.0328,1307200
2023-05-23,58.3832,58.6413,57.3691,57.4981,1304500
2023-05-24,56.9911,57.3506,56.143,56.5302,1443900
2023-05-25,56.9542,57.3783,54.9169,55.4147,2866500
2023-05-26,55.5253,57.7931,55.5253,57.4244,3603600
2023-05-30,57.1847,57.3599,55.1289,56.2352,2916200
2023-05-31,55.1381,55.6636,54.207,55.4054,5061800
2023-06-01,55.7742,56.7422,55.6544,56.5117,2483500
2023-06-02,57.2308,57.5627,56.4011,57.3506,1715500
2023-06-05,57.0648,57.2953,56.0969,56.1061,1922000
2023-06-06,54.8523,55.7927,53.995,54.0134,2864300
2023-06-07,54.4559,55.0551,52.6029,54.6679,5208100
2023-06-08,54.4006,55.3225,53.322,55.2026,2327600
2023-06-09,55.6636,56.1798,54.9261,56.1338,2142600
2023-06-12,56.3181,58.4846,56.2905,58.4569,2347200
2023-06-13,59.0285,60.1716,58.9363,59.6369,2341100
2023-06-14,59.7568,60.4482,58.9824,60.1901,1791000
2023-06-15,59.978,61.7204,59.978,60.9737,2613300
2023-06-16,61.2871,61.3516,58.9732,59.2774,4024200
2023-06-20,58.5597,59.0257,58.103,58.3267,1950500
2023-06-21,57.6836,58.2615,57.2083,57.3854,1623300
2023-06-22,57.2362,57.5531,56.91,57.0685,1311600
2023-06-23,56.4906,56.8727,56.0898,56.2203,1176400
2023-06-26,56.3322,57.0219,56.1737,56.4347,1419000
2023-06-27,56.6956,58.0844,55.9221,57.8887,2204000
2023-06-28,57.5904,57.7488,56.5279,57.432,2101600
2023-06-29,57.5252,58.3081,57.143,57.7302,1525800
2023-06-30,58.0564,58.1962,57.3201,57.665,1534700
2023-07-03,57.7861,58.3733,57.637,57.9539,817800
2023-07-05,57.609,57.6463,56.1085,56.6863,1555900
2023-07-06,55.8661,56.7516,55.6984,56.6863,1466000
2023-07-07,56.7236,57.4692,56.0339,56.183,1139000
2023-07-10,55.717,56.8448,55.5959,56.2949,1616800
2023-07-11,56.3881,57.2083,56.211,56.91,1190200
2023-07-12,57.7861,58.2708,56.1085,57.432,1964800
2023-07-13,57.7861,58.6809,57.637,57.8048,2255400
2023-07-14,57.4226,58.3267,57.1523,57.3854,2223100
2023-07-17,56.705,57.143,55.9034,56.8075,1859800
2023-07-18,56.3415,57.404,56.3415,57.2176,1414800
2023-07-19,57.2828,57.5624,55.7263,55.7916,2138500
2023-07-20,55.3349,55.8755,55.0832,55.2696,1691100
2023-07-21,55.3908,55.8009,54.4401,55.5586,2163300
2023-07-24,55.2976,55.8475,54.4774,55.251,2393600
2023-07-25,54.9621,55.3535,54.263,54.2817,2299300
2023-07-26,54.1698,54.757,53.4242,54.03,3603400
2023-07-27,54.552,59.4918,53.8623,57.9259,9241400
2023-07-28,58.4945,59.7248,57.7395,59.1376,3232700
2023-07-31,59.7714,60.6288,59.1469,59.1842,2815500
2023-08-01,58.8207,60.983,58.7927,60.8805,2991800
2023-08-02,60.4797,61.1415,59.8739,60.5916,3010600
2023-08-03,60.2933,64.0587,60.0603,63.6393,4846300
2023-08-04,63.5741,63.5834,61.7846,62.2506,2958000
2023-08-07,63.0708,64.7112,62.6793,63.8537,2696500
2023-08-08,63.3783,63.6859,61.682,62.5022,1601500
2023-08-09,62.4743,63.108,62.2319,62.3158,1620500
2023-08-10,62.6607,63.2199,62.204,62.5861,1677900
2023-08-11,62.437,63.6393,62.2226,62.3065,1922700
2023-08-14,62.3997,63.2665,62.2133,63.2012,1703800
2023-08-15,62.7259,62.8937,61.0389,61.0483,1958400
2023-08-16,60.5729,61.0482,59.762,59.8273,2097700
2023-08-17,60.2653,61.3558,60.2281,60.517,1995300
2023-08-18,59.5943,60.3958,59.3053,59.9764,1629400
2023-08-21,59.8553,61.0949,59.7714,61.0483,1113100
2023-08-22,61.8405,61.9803,61.2067,61.4117,1840000
2023-08-23,61.2347,61.9523,61.1974,61.6634,1283900
2023-08-24,61.9057,61.9989,60.4704,60.489,2127900
2023-08-25,60.8339,60.9644,59.1935,60.0417,1507300
2023-08-28,60.2653,61.6354,60.1815,61.5795,878900
2023-08-29,61.5143,62.3251,61.2626,61.8871,1899700
2023-08-30,61.4211,63.9469,61.3092,63.5368,1627400
2023-08-31,64.1799,66.1372,63.8723,65.9787,3442000
2023-09-01,66.6405,69.4459,65.9507,68.6909,4548800
2023-09-05,68.0851,69.0078,64.7764,66.0719,5134200
2023-09-06,65.6245,66.8828,65.2424,66.3888,2786500
2023-09-07,62.5115,62.8937,58.8114,59.1283,11692900
2023-09-08,59.296,60.9457,59.1003,60.9271,10087300
2023-09-11,61.3185,61.3185,59.1003,59.9391,4318700
2023-09-12,59.7248,60.051,58.3733,58.4572,2841000
2023-09-13,58.2988,59.2681,58.1869,59.0817,2706200
2023-09-14,59.2121,59.9857,58.9232,59.8832,2481200
2023-09-15,59.7248,60.3492,59.3053,59.4172,3973800
2023-09-18,59.4079,60.4611,59.2681,59.8646,1699300
2023-09-19,59.7527,61.0203,59.6688,60.4611,2535500
2023-09-20,60.8618,61.9244,60.8432,61.1694,2270900
2023-09-21,60.3399,62.2506,59.9205,61.0016,2506500
2023-09-22,61.6261,62.4556,61.1508,61.4211,2115600
2023-09-25,61.2327,61.4117,60.1964,60.7145,1827600
2023-09-26,60.479,61.5435,59.65,59.7442,2065600
2023-09-27,60.2812,61.3269,60.1776,60.5638,1557000
2023-09-28,60.3848,62.1088,60.1776,61.8827,2210100
2023-09-29,62.3725,62.4762,61.6377,62.1276,2034700
2023-10-02,62.2501,63.0225,61.8921,62.3537,2096800
2023-10-03,61.9298,62.7211,61.4587,61.6283,2138200
2023-10-04,61.5718,62.3537,61.1573,62.1464,1835600
2023-10-05,62.4573,63.4841,62.1088,62.7588,1728500
2023-10-06,61.9486,62.9754,61.7037,62.2218,1863700
2023-10-09,62.0146,62.7211,61.6001,62.3914,1622600
2023-10-10,62.3631,63.5689,62.3537,62.7211,2068500
2023-10-11,62.8906,65.6037,62.8906,65.5284,3240600
2023-10-12,65.8204,66.0559,64.5957,65.3305,2374100
2023-10-13,65.7356,66.169,64.2566,64.4639,3446200
2023-10-16,64.624,65.453,64.3979,64.9537,2496800
2023-10-17,64.3508,65.3965,64.3508,64.9443,5386900
2023-10-18,64.4827,64.7559,63.7197,64.511,3180200
2023-10-19,64.3885,65.0479,62.561,62.9943,2892900
2023-10-20,63.2109,63.682,62.3066,62.8247,2198000
2023-10-23,62.4385,62.7117,61.308,61.4682,2148500
2023-10-24,62.7493,64.9631,62.6834,64.153,4260300
2023-10-25,63.5407,64.5957,63.2015,63.2109,3147600
2023-10-26,65.4718,66.2443,60.4037,62.024,5171000
2023-10-27,62.9848,65.0008,62.9189,64.2472,4000800
2023-10-30,64.9255,65.4718,63.5312,64.4544,2985900
2023-10-31,63.7573,64.5957,63.0508,64.2943,3707600
2023-11-01,64.4544,67.2617,64.3602,67.111,4662800
2023-11-02,67.8269,68.2132,66.6494,67.648,2608100
2023-11-03,68.298,69.5414,67.8364,68.0907,2313400
2023-11-06,67.7327,68.2885,66.4798,67.0074,2219600
2023-11-07,66.7059,67.1204,66.2349,66.7342,1868300
2023-11-08,66.8943,67.761,66.3291,67.6951,1777800
2023-11-09,67.7045,68.8255,67.4595,67.8269,2333600
2023-11-10,68.3545,68.3545,66.9508,68.2226,1964800
2023-11-13,68.1661,68.6183,67.5161,68.2697,2538600
2023-11-14,69.24,70.4741,68.9574,70.2857,2673200
2023-11-15,70.4175,70.719,69.7675,70.2291,1891900
2023-11-16,70.0219,71.256,70.0219,71.2089,1738800
2023-11-17,71.5951,71.8118,71.0393,71.482,1478600
2023-11-20,71.4821,72.7727,71.3031,72.5937,1512500
2023-11-21,72.3487,72.4053,71.1429,71.6516,1725300
2023-11-22,71.6987,72.848,71.6987,72.1132,936800
2023-11-24,71.256,72.0096,71.256,71.6705,647500
2023-11-27,72.0661,73.6111,71.9531,73.0647,1923400
2023-11-28,72.5183,72.9045,71.8777,72.49,1279100
2023-11-29,73.8089,74.4589,73.4038,73.9314,2052800
2023-11-30,73.9502,74.8169,73.4603,74.5154,3095200
2023-12-01,74.3365,74.7981,73.7241,74.5908,2030000
2023-12-04,74.0727,74.6473,73.5828,74.035,1450100
2023-12-05,73.6111,73.8183,72.4147,72.4995,1808000
2023-12-06,73.6111,74.7604,73.206,73.3002,2522800
2023-12-07,73.6959,74.9582,73.5734,74.214,2238400
2023-12-08,73.9314,76.0698,73.8372,75.9191,2360000
2023-12-11,76.3053,77.935,76.277,77.2379,2399900
2023-12-12,77.2945,77.8408,76.5785,77.8408,2107800
2023-12-13,77.4829,80.5162,77.4169,80.4785,3645200
2023-12-14,81.5242,82.8337,80.1959,80.3844,3462000
2023-12-15,79.9227,80.4691,79.1597,79.3952,5120500
2023-12-18,79.4329,79.8191,78.8017,79.1032,1953000
2023-12-19,78.8394,79.7626,78.7358,79.0372,1426300
2023-12-20,78.8187,79.2082,77.7263,77.7548,1890600
2023-12-21,79.3317,81.0702,79.1417,81.0322,2041900
2023-12-22,81.1462,81.4311,80.5952,80.8992,1003500
2023-12-26,80.8992,81.7161,80.7852,81.5736,938400
2023-12-27,81.9441,82.0391,81.0797,81.3932,962500
2023-12-28,81.5071,82.4856,81.4216,82.4476,1589200
2023-12-29,82.2386,82.6281,80.9087,81.0987,1295800
2024-01-02,80.4622,80.5572,78.2013,78.5528,2011400
2024-01-03,77.2418,78.2298,76.0638,76.4058,2874600
2024-01-04,75.8453,77.2988,75.8168,76.7288,1361600
2024-01-05,77.0708,77.7263,75.8169,76.2633,1395200
2024-01-08,76.0638,77.2893,76.0638,76.9283,2167300
2024-01-09,75.9498,76.2443,75.4274,76.1018,1471700
2024-01-10,75.9783,78.6097,75.7313,78.5243,2260200
2024-01-11,77.3938,77.7453,75.4179,77.6503,2752000
2024-01-12,78.2868,78.6857,77.7833,78.6382,2112600
2024-01-16,79.4267,81.0987,78.2393,80.5667,3012300
2024-01-17,80.4717,80.5192,78.3153,79.1607,2412400
2024-01-18,80.4717,81.9821,78.9612,79.7687,1720000
2024-01-19,80.3672,81.1652,79.6642,81.1461,2327300
2024-01-22,82.6376,83.9676,81.6021,82.7421,4171400
2024-01-23,83.1696,84.832,82.4381,84.7655,4020500
2024-01-24,85.611,85.763,83.6446,84.7085,3775900
2024-01-25,86.637,86.637,82.1721,86.4375,5756700
2024-01-26,86.3425,87.4349,84.9365,85.915,3071000
2024-01-29,86.143,87.0074,83.9676,84.1955,2648300
2024-01-30,84.357,84.718,82.8276,83.2076,2406100
2024-01-31,82.9796,83.3881,81.1177,81.3932,5221000
2024-02-01,81.5831,83.1316,81.5831,82.4571,2001900
2024-02-02,82.3146,83.5686,81.6401,83.1411,2160200
2024-02-05,82.8086,82.8276,80.8612,81.2222,2095600
2024-02-06,81.7351,82.4286,81.1937,81.8871,2560000
2024-02-07,82.1626,82.9511,81.0607,82.4191,1818600
2024-02-08,82.3621,83.8441,81.4977,83.2931,1670600
2024-02-09,83.3311,84.9935,82.9796,84.9365,1536700
2024-02-12,84.8605,86.124,84.5375,84.642,1599800
2024-02-13,82.9701,83.3596,81.7446,82.7991,2040700
2024-02-14,83.6921,83.7776,81.8396,82.4666,1854000
2024-02-15,82.5141,84.0721,82.4666,83.7491,1299700
2024-02-16,83.7966,84.2525,82.7326,83.1411,1797500
2024-02-20,82.7991,82.9891,81.2602,82.4286,1781100
2024-02-21,81.6211,81.7636,79.7497,80.6522,1928200
2024-02-22,81.9916,83.9771,81.7161,83.6161,2214400
2024-02-23,83.8061,83.996,82.6756,83.5781,1461900
2024-02-26,83.7681,85.2595,83.3406,84.224,2134200
2024-02-27,86.2285,88.3469,85.44,86.162,3381400
2024-02-28,85.6015,87.3589,85.6015,87.0264,1979600
2024-02-29,87.8434,88.7649,87.6059,88.3944,2184700
2024-03-01,90.2468,93.2392,89.4109,92.2988,5101500
2024-03-04,92.6503,94.9302,91.9188,93.4577,3563000
2024-03-05,92.5172,93.8567,92.1943,93.6952,2392400
2024-03-06,94.9872,96.1936,88.3184,89.4299,5282100
2024-03-07,89.8953,90.2278,86.77,89.1164,4626700
2024-03-08,88.6984,90.1518,87.8339,88.0524,2746900
2024-03-11,86.751,87.3114,85.6015,87.1499,2602100
2024-03-12,87.6629,88.1094,86.2095,86.5515,2893900
2024-03-13,85.9625,86.0195,83.9961,84.2336,3737300
2024-03-14,83.6731,83.7206,80.9942,81.4691,3321400
2024-03-15,80.6807,81.7351,80.4147,81.7066,6079500
2024-03-18,82.3241,82.7896,80.8517,81.1177,2265400
2024-03-19,80.4052,82.4951,79.9967,82.2386,1894200
2024-03-20,82.478,84.1445,81.8364,83.7231,2319100
2024-03-21,87.4869,87.6018,84.3935,84.7095,3747600
2024-03-22,85.0543,85.83,83.9433,85.2458,2454100
2024-03-25,84.9202,85.2554,83.9146,84.4797,1835000
2024-03-26,89.546,93.8078,88.8373,90.7144,7346800
2024-03-27,91.6146,92.2563,89.3927,90.5803,2762500
2024-03-28,90.5611,90.6377,87.8508,89.115,3296300
2024-04-01,89.2108,90.3504,87.8316,87.8987,2672700
2024-04-02,86.079,87.1325,85.4374,86.4142,3246200
2024-04-03,85.8971,88.7798,85.8588,87.755,2585000
2024-04-04,89.1341,90.2451,86.759,86.9218,2281200
2024-04-05,87.5156,87.5156,85.8588,86.1844,2598100
2024-04-08,87.4581,88.1477,84.9777,85.3799,2612900
2024-04-09,86.2323,87.1134,84.1157,85.7438,2816700
2024-04-10,84.8244,85.1022,82.6792,84.269,3200200
2024-04-11,84.3935,85.0926,83.6943,85.0256,1970600
2024-04-12,83.6848,83.9529,81.5012,81.5874,2529700
2024-04-15,83.0144,83.4166,79.7773,80.3328,2925200
2024-04-16,80.0072,81.1277,79.5091,80.1412,2454000
2024-04-17,81.3575,82.6504,80.486,80.6392,3465900
2024-04-18,80.2466,81.597,79.7869,79.9114,1811700
2024-04-19,80.2274,80.7254,78.8292,78.9728,2883500
2024-04-22,79.1261,82.0279,79.0494,81.5778,3562900
2024-04-23,82.0279,83.9146,81.9896,82.8707,6008700
2024-04-24,83.8572,87.1517,79.8156,83.4262,7274500
2024-04-25,82.2674,84.403,80.8882,83.5698,3166500
2024-04-26,83.905,83.9912,81.5491,82.4014,3637400
2024-04-29,82.344,83.3304,81.7502,82.4397,2050400
2024-04-30,81.8268,82.976,81.7885,82.2769,2113000
2024-05-01,83.2921,84.0678,80.7733,82.1812,2047700
2024-05-02,82.9761,83.0623,80.8978,82.6409,1415500
2024-05-03,84.0774,84.1828,83.0144,83.7997,1655400
2024-05-06,84.3456,87.1229,84.2785,86.0503,1932600
2024-05-07,86.3185,87.008,85.6289,85.7247,1305900
2024-05-08,85.0064,86.3759,85.0064,86.2418,913300
2024-05-09,86.3568,88.0424,85.9833,87.7934,1740100
2024-05-10,88.4925,90.0727,88.3967,90.0344,2789100
2024-05-13,90.5516,90.5803,88.5404,89.2108,2008400
2024-05-14,90.542,92.5244,89.6896,92.1509,2353500
2024-05-15,93.1278,94.7368,92.6968,94.5452,2872300
2024-05-16,94.7176,95.0049,93.8748,94.0855,1854600
2024-05-17,94.3345,94.3345,90.7718,91.2411,2661000
2024-05-20,91.1932,93.032,91.1453,92.716,1486900
2024-05-21,89.7566,90.9634,89.115,89.6417,3084300
2024-05-22,90.0631,91.0496,89.68,90.6665,2129500
2024-05-23,91.9402,92.6681,89.0767,89.5076,1841000
2024-05-24,90.0057,90.6665,89.0575,90.2068,1301700
2024-05-28,90.9825,92.8213,90.5611,92.7447,2979600
2024-05-29,91.2698,92.285,89.4215,90.2738,3602500
2024-05-30,90.5611,91.7487,88.435,89.7471,2273400
2024-05-31,89.8811,90.7622,86.6154,89.2969,3589700
2024-06-03,89.6705,89.9578,86.7207,87.4677,2696900
2024-06-04,87.0655,88.4925,86.443,87.9657,3724000
2024-06-05,89.0671,93.5492,89.0671,92.5149,2962900
2024-06-06,92.1605,92.5053,90.7335,91.9402,1440400
2024-06-07,91.7008,93.032,91.0591,92.0456,1779200
2024-06-10,91.4231,95.3401,90.9921,95.3114,2231800
2024-06-11,94.8134,97.4662,94.3728,97.3417,2768600
2024-06-12,98.74,100.828,97.7535,98.5005,3311800
2024-06-13,98.5005,100.56,98.3665,100.33,1964000
2024-06-14,98.9698,99.6785,98.6538,99.4678,1311300
2024-06-17,100.004,102.255,99.3529,101.498,2086700
2024-06-18,101.671,103.347,101.058,101.508,2848900
2024-06-20,101.334,101.739,98.6637,98.9337,3109500
2024-06-21,98.924,100.023,97.3815,99.3772,3420600
2024-06-24,99.1072,100.023,98.3745,99.6182,1784800
2024-06-25,100.023,100.447,98.3359,100.013,2274100
2024-06-26,99.8977,100.264,98.1528,99.059,1953300
2024-06-27,99.0108,100.582,98.1335,100.361,1366800
2024-06-28,100.717,101.681,99.4157,99.5603,1550000
2024-07-01,99.3,99.6471,98.1335,98.7601,1298000
2024-07-02,98.5866,100.254,98.3456,99.4253,1102600
2024-07-03,99.4254,99.6278,97.5743,97.7286,1059800
2024-07-05,97.825,98.6541,97.4393,98.3745,1548500
2024-07-08,99.1361,100.756,98.8565,99.7146,2001000
2024-07-09,99.6856,101.209,99.2807,100.602,1618100
2024-07-10,101.228,103.137,100.852,102.896,2067500
2024-07-11,103.156,103.156,101.228,102.298,1584300
2024-07-12,102.607,105.056,102.009,103.253,2040600
2024-07-15,103.494,105.036,102.356,105.027,2212100
2024-07-16,105.374,105.692,104.304,104.805,1933500
2024-07-17,103.07,103.07,100.765,101.141,2825000
2024-07-18,101.971,101.971,98.7987,99.7531,2237600
2024-07-19,100.226,100.524,98.7891,98.9433,1977200
2024-07-22,100.399,102.433,99.6857,102.366,2310900
2024-07-23,101.392,102.761,100.746,101.517,3793900
2024-07-24,105.084,109.49,103.311,105.595,9398100
2024-07-25,104.901,105.152,99.917,100.226,4194900
2024-07-26,101.238,101.951,99.1843,99.9556,3069200
2024-07-29,100.341,100.553,97.7189,99.6664,2977500
2024-07-30,99.7821,99.9749,95.0966,95.5401,3058400
2024-07-31,98.6734,99.0879,96.6102,98.4998,2670500
2024-08-01,98.3649,100.447,94.5857,95.4533,3437000
2024-08-02,92.0694,92.7057,90.0931,91.1728,4204800
2024-08-05,87.3358,90.5269,86.767,89.2158,3365600
2024-08-06,90.0352,92.4358,89.7653,90.3148,3209100
2024-08-07,91.2693,91.8959,88.7337,88.7916,3288400
2024-08-08,88.9844,92.1851,87.9239,92.0212,2332500
2024-08-09,91.7898,93.5059,90.8933,92.8214,1483600
2024-08-12,92.5611,93.6023,91.6838,92.3876,1284500
2024-08-13,93.6987,94.7014,93.236,94.6724,1637500
2024-08-14,95.2702,95.4341,93.2167,93.5734,2176000
2024-08-15,95.3087,96.5621,94.6917,96.0318,2196900
2024-08-16,96.6006,98.8855,95.7908,98.0756,2494400
2024-08-19,97.9118,100.254,97.1309,100.226,2951900
2024-08-20,100.1,101.247,99.1361,99.8303,1703300
2024-08-21,100.457,101.132,99.7146,100.688,1150100
2024-08-22,101.055,101.431,99.2132,99.5218,989000
2024-08-23,100.592,100.91,99.7628,100.659,949000
2024-08-26,100.023,101.45,99.2518,100.997,1404700
2024-08-27,99.2615,99.2807,96.9187,97.0923,2423600
2024-08-28,96.4078,96.4271,93.9398,95.6847,2058200
2024-08-29,95.5016,96.7356,93.6698,94.0362,2042800
2024-08-30,95.2702,96.0125,94.4121,95.9739,1975700
2024-09-03,95.974,95.974,92.8021,93.3035,1670300
2024-09-04,92.6479,97.4104,91.2982,97.1116,3916900
2024-09-05,96.4849,98.4709,96.2728,97.1887,1736200
2024-09-06,96.697,97.0923,93.8337,94.4604,2612500
2024-09-09,95.7811,97.7382,94.4603,97.6996,2318500
2024-09-10,97.6322,99.059,96.3499,98.5866,1878900
2024-09-11,98.6444,99.0494,96.4656,98.8469,2373500
2024-09-12,98.2974,98.6059,96.4849,97.0055,2002600
2024-09-13,97.2176,99.0783,96.4078,98.4613,1795100
2024-09-16,98.172,98.4323,97.3622,97.7961,1593500
2024-09-17,98.6444,98.8469,97.4586,98.4034,1499300
2024-09-18,98.5095,99.7628,97.1019,97.3044,1833300
2024-09-19,99.7724,100.717,98.9047,100.38,1507100
2024-09-20,100.1,101.999,100.1,100.978,5499800
2024-09-23,102.016,103.608,101.812,102.763,1477300
2024-09-24,102.909,103.647,101.754,103.491,1626000
2024-09-25,103.122,104.588,102.938,104.588,1695300
2024-09-26,106.772,107.665,104.646,107.5,2660800
2024-09-27,107.422,107.461,104.967,105.539,1320000
2024-09-30,105.549,106.384,104.637,106.306,1600500
2024-10-01,106.054,106.054,103.365,104.646,2155000
2024-10-02,104.879,106.762,104.044,105.364,1476900
2024-10-03,104.86,106.199,104.646,105.597,1135000
2024-10-04,106.646,106.646,103.229,104.083,1447800
2024-10-07,102.967,103.482,101.443,103.006,1871300
2024-10-08,103.821,105.743,103.365,105.452,1551400
2024-10-09,105.889,106.17,102.443,106.073,3410500
2024-10-10,104.578,105.529,103.375,104.937,1255900
2024-10-11,104.802,106.655,104.763,106.578,1054900
2024-10-14,106.762,108.14,105.636,107.791,1619100
2024-10-15,108.742,111.925,108.092,108.499,2511100
2024-10-16,107.956,109.548,107.364,108.441,1238100
2024-10-17,109.072,109.975,108.694,109.14,1728300
2024-10-18,109.334,111.295,108.412,108.82,1951000
2024-10-21,108.325,109.266,106.102,109.101,2419300
2024-10-22,108.606,109.431,107.082,109.324,3166100
2024-10-23,102.627,104.627,99.444,100.473,8774000
2024-10-24,101.453,101.987,99.3373,100.919,2746300
2024-10-25,101.152,102.54,99.8905,99.9778,2485700
2024-10-28,100.715,100.832,98.0561,98.3376,2766700
2024-10-29,98.3764,98.7161,97.2409,98.3473,2014700
2024-10-30,97.9979,98.3182,96.0277,96.8526,2862200
2024-10-31,96.4935,98.2308,95.9985,97.4156,2708500
2024-11-01,96.6585,98.0076,95.7559,96.1926,2001600
2024-11-04,95.9209,98.2891,95.9209,96.9497,1961200
2024-11-05,97.2602,98.8714,97.0855,98.6579,1519500
2024-11-06,100.91,101.715,99.5605,99.9487,2411600
2024-11-07,100.725,102.181,99.9487,102.016,1953500
2024-11-08,102.365,103.113,101.123,101.696,1329800
2024-11-11,101.608,101.735,98.619,98.8423,1633400
2024-11-12,97.9494,99.2305,95.8432,96.8623,2064800
2024-11-13,96.9303,97.6873,95.3191,95.3774,1630300
2024-11-14,94.8533,95.8529,94.135,94.5912,1814400
2024-11-15,94.0671,94.6786,93.5721,93.9409,1926400
2024-11-18,94.5233,94.6786,93.5042,94.1642,1384500
2024-11-19,94.135,94.9503,93.2712,94.9212,1766600
2024-11-20,95.1153,95.5326,93.7371,95.1347,1875600
2024-11-21,95.8432,97.2603,95.1833,96.9788,1744500
2024-11-22,97.4447,97.697,96.2509,96.6876,2675600
2024-11-25,98.027,100.347,97.8426,98.3764,4038900
2024-11-26,98.9199,100.133,98.2697,98.6676,2412500
2024-11-27,98.3376,98.4249,95.7268,97.0564,1799200
2024-11-29,97.0564,99.3082,97.0273,98.3473,1460300
2024-12-02,98.8229,102.026,98.4541,100.123,2476800
2024-12-03,99.0461,99.6964,95.028,95.8918,3267100
2024-12-04,97.0467,97.27,92.1745,94.7562,4572300
2024-12-05,95.1444,96.4741,94.9891,95.29,2285600
2024-12-06,95.29,96.1732,94.7368,95.6103,2720200
2024-12-09,95.5327,96.9594,95.2124,96.0568,2437000
2024-12-10,95.9403,96.0276,93.9215,94.7174,2812400
2024-12-11,95.0668,96.2121,93.7274,95.4938,2555600
2024-12-12,95.5618,97.2311,94.2612,94.7659,2834700
2024-12-13,95.4112,96.125,93.397,93.6219,4938000
2024-12-16,93.2015,94.9908,92.9277,93.4557,3552500
2024-12-17,92.693,94.3161,91.9988,92.3899,2406200
2024-12-18,92.4975,93.1917,89.4859,89.5641,3132100
2024-12-19,89.5641,90.0628,85.4673,85.5944,4522300
2024-12-20,86.1322,87.0317,84.9393,85.3695,6072500
2024-12-23,85.5162,86.6504,85.3597,86.5624,2106800
2024-12-24,86.357,87.149,86.0735,86.5233,1142200
2024-12-26,86.7579,87.1881,86.1908,86.4353,1382800
2024-12-27,85.9855,86.8557,85.0664,85.4477,1611400
2024-12-30,84.7535,84.9295,83.3553,84.6068,1731200
2024-12-31,84.6655,85.2815,83.8246,84.3917,1458400
2025-01-02,85.2717,85.5944,83.8833,84.4699,2046500
2025-01-03,84.9882,87.1979,84.8611,87.1686,2351500
2025-01-06,88.3126,89.5544,86.7775,87.1295,2499300
2025-01-07,87.8335,88.8699,87.2859,87.6086,2379100
2025-01-08,87.2859,87.4424,85.9366,86.7188,3189100
2025-01-10,85.4966,87.0121,84.7144,86.8948,2201900
2025-01-13,85.6042,87.7064,85.0371,86.9535,2715800
2025-01-14,87.3739,89.7108,87.1197,89.2024,3252100
2025-01-15,90.0824,92.869,90.0824,92.2433,3853600
2025-01-16,92.2824,93.6904,91.6175,92.957,3820500
2025-01-17,94.453,95.7535,93.4752,95.4992,5656300
2025-01-21,97.6308,100.261,97.0148,98.9997,6545200
2025-01-22,106.216,109.423,103.507,105.776,9814200
2025-01-23,105.023,106.118,103.566,106.01,3602100
2025-01-24,106.323,107.79,105.209,105.785,3320400
2025-01-27,102.764,104.622,100.046,101.18,4188600
2025-01-28,101.708,101.718,96.6237,98.0414,3460800
2025-01-29,99.2246,99.7623,96.8877,97.1712,2548200
2025-01-30,98.9019,99.1659,95.773,96.0957,4212800
2025-01-31,95.9197,97.7677,94.1304,94.2184,2799400
2025-02-03,92.4975,93.5046,90.845,91.4024,3437000
2025-02-04,90.8157,92.6832,90.6201,92.4095,2909700
2025-02-05,92.517,93.9935,92.077,93.309,2680700
2025-02-06,93.9641,94.629,93.5046,94.3943,2301100
2025-02-07,94.9028,96.0663,93.3384,94.013,1976100
2025-02-10,95.245,96.0175,94.5606,95.6264,1946300
2025-02-11,95.069,97.1517,95.0299,95.6557,2133900
2025-02-12,94.5703,98.4228,93.9641,97.005,3386000
2025-02-13,97.181,100.457,97.181,99.2246,2555000
2025-02-14,99.8797,100.124,98.3837,99.2148,2235000
2025-02-18,100.281,100.994,98.6966,100.809,2365500
2025-02-19,100.642,101.161,100.193,100.711,1727300
2025-02-20,100.779,101.073,99.293,100.359,1479200
2025-02-21,100.388,101.121,98.2663,98.6086,2484200
2025-02-24,98.7259,99.7232,97.0343,97.8557,4204100
2025-02-25,97.7775,99.4299,97.0832,97.5037,3405900
2025-02-26,98.0903,99.0974,97.4841,98.0414,1924100
2025-02-27,100.29,101.532,98.3543,98.4326,4616000
2025-02-28,98.0219,100.017,97.4646,99.645,4521400
2025-03-03,100.662,101.561,97.5623,97.8361,3190400
2025-03-04,96.7508,97.4059,91.9206,91.989,7037600
2025-03-05,91.5979,91.6859,88.1855,90.3757,5175600
2025-03-06,88.5375,88.6548,84.4699,84.7144,5272900
2025-03-07,84.9295,87.7748,84.3819,86.0442,4617700
2025-03-10,85.2717,85.9953,82.4851,84.4895,4520500
2025-03-11,84.4895,86.005,83.5019,85.037,3805500
2025-03-12,86.0442,87.4815,84.3526,84.8024,3808900
2025-03-13,84.8611,85.4966,83.1108,83.7171,1573500
2025-03-14,85.0175,86.6602,84.9979,85.9464,2261100
2025-03-17,85.6922,89.0264,85.6922,88.4984,2948500
2025-03-18,88.469,88.557,86.4744,86.6699,2204900
2025-03-19,87.1825,88.3655,86.9262,87.6656,2225500
2025-03-20,87.0347,88.5035,87.0347,87.1234,2060500
2025-03-21,86.6995,87.429,85.3687,87.015,2576000
2025-03-24,88.1388,88.7894,87.222,87.5276,1715000
2025-03-25,87.0642,87.1825,84.5111,86.7094,3154000
2025-03-26,86.3545,86.9361,84.7181,86.3841,3534900
2025-03-27,85.97,87.981,85.073,86.2559,2977400
2025-03-28,85.7532,86.1179,83.131,83.7126,1886200
2025-03-31,83.2887,84.097,81.7016,83.7422,2628600
2025-04-01,83.3971,84.1168,82.1255,83.338,2728200
2025-04-02,82.5494,85.1124,82.3325,84.3041,2810100
2025-04-03,79.04,80.006,70.2665,70.513,12915600
2025-04-04,67.6838,67.7035,63.0407,65.7812,9249900
2025-04-07,64.0758,71.5283,63.2675,67.6838,7297500
2025-04-08,69.9806,71.4002,64.48,65.5939,5679900
2025-04-09,64.8053,74.9391,62.2916,73.2337,10253500
2025-04-10,70.6904,71.4495,67.6739,68.7484,5483500
2025-04-11,68.2457,70.1975,66.6684,69.1526,3879000
2025-04-14,73.8646,74.1604,70.582,71.6368,3437300
2025-04-15,71.065,72.455,70.8284,70.9763,3147600
2025-04-16,70.4735,72.0705,70.2862,71.7846,5798900
2025-04-17,72.4451,75.3532,71.8536,74.7025,4588400
2025-04-21,73.3915,73.5886,71.5875,72.8789,2950600
2025-04-22,73.6379,74.8307,73.5393,74.2885,2177900
2025-04-23,78.0246,80.0258,76.4572,76.9797,4013700
2025-04-24,78.0345,82.086,78.0148,81.8593,4105400
2025-04-25,82.1452,82.6184,80.8341,81.5241,4055400
2025-04-28,81.0411,81.7114,79.4146,80.9918,2895700
2025-04-29,80.4201,81.5044,80.0652,80.4398,6502500
2025-04-30,85.901,90.2089,84.2548,89.7357,11880100
2025-05-01,90.6919,91.8453,88.6119,88.7302,5496500
2025-05-02,90.2483,91.9636,89.992,91.7467,3409300
2025-05-05,91.0172,92.9888,90.6722,92.2495,2805700
2025-05-06,91.1454,93.0677,90.6131,92.5649,2754100
2025-05-07,92.6536,94.3097,92.003,94.0929,3715800
2025-05-08,94.9406,95.8476,93.6197,94.9308,2392700
2025-05-09,95.7293,96.3405,94.2703,94.3492,2568200
2025-05-12,99.6921,101.575,98.5782,100.5,5791900
2025-05-13,100.451,104.473,100.106,103.97,4336000
2025-05-14,103.655,104.355,102.994,103.694,4245700
2025-05-15,105.439,106.464,104.404,105.903,4711900
2025-05-16,105.991,107.431,105.479,106.257,3234900
2025-05-19,104.404,108.111,104.158,107.49,3286200
2025-05-20,107.914,107.923,104.769,105.449,3404100
2025-05-21,104.986,106.287,102.255,102.945,4800400
2025-05-22,104.572,109.885,103.852,107.312,8056800
2025-05-23,106.74,111.561,106.74,111.137,5981600
2025-05-27,112.251,115.691,111.59,115.386,4485900
2025-05-28,115.573,116.943,115.159,115.672,4094000
2025-05-29,115.888,116.519,114.627,116.46,2434800
2025-05-30,115.504,117.436,115.011,116.263,4352600
2025-06-02,115.346,118.057,115.12,117.456,3097600
2025-06-03,117.407,122.276,117.062,121.478,4835200
2025-06-04,121.971,125.874,121.971,125.825,5769200
2025-06-05,126.091,128.102,125.549,125.884,4765100
2025-06-06,127.067,128.112,124.958,125.165,4377400
2025-06-09,127.698,130.35,127.048,128.319,5425500
2025-06-10,128.122,128.832,124.554,126.17,6119700
2025-06-11,127.215,127.245,123.923,124.692,4553200
2025-06-12,124.366,125.539,124.001,124.278,3005000
2025-06-13,123.39,126.486,122.858,125.46,3000800
2025-06-16,126.87,129.62,125.796,129.177,3530300
2025-06-17,128.595,131.602,128.152,129.009,3410800
2025-06-18,129.009,131.858,128.507,129.433,2816800
2025-06-20,130.291,130.725,128.467,129.098,6027300
2025-06-23,130.448,131.986,129.059,131.188,4372700
2025-06-24,132.095,135.584,131.947,134.372,4670500
2025-06-25,136.433,137.444,135.056,137.295,3574900
2025-06-26,137.295,139.535,136.76,139.426,3047100
2025-06-27,140.308,141.19,139.03,140.169,4651100
2025-06-30,140.724,143.182,140.308,143.033,3663500
2025-07-01,142.35,144.421,141.349,143.737,4951400
2025-07-02,143.737,150.684,143.489,150.575,6703600
2025-07-03,150.634,150.793,147.899,148.097,3619700
2025-07-07,148.127,150.436,146.413,147.057,3661700
2025-07-08,147.721,148.365,142.141,143.172,4598800
2025-07-09,144.609,144.609,140.437,140.734,6198800
2025-07-10,143.202,144.926,141.17,143.202,5593500
2025-07-11,142.706,146.581,142.211,145.858,2868600
2025-07-14,147.215,148.613,144.312,147.741,2856700
2025-07-15,148.96,149.604,146.472,147.711,2461100
2025-07-16,147.642,147.661,144.203,145.798,2694300
2025-07-17,145.798,148.306,145.035,145.402,5155500
2025-07-18,146.284,148.563,144.906,147.731,3336500
2025-07-21,148.117,149.564,146.7,148.286,3453900
2025-07-22,147.661,147.939,143.46,145.273,3045000
2025-07-23,145.828,151.457,145.679,151.388,4024900
2025-07-24,150.862,152.498,149.723,151.358,2429700
2025-07-25,151.031,151.953,147.106,149.534,3125900
2025-07-28,150.119,150.674,148.395,149.108,2585200
2025-07-29,150.387,154.123,148.652,151.308,6242800
2025-07-30,139.733,147.206,137.058,146.096,12025100
2025-07-31,146.968,156.036,145.58,155.599,7049800
2025-08-01,151.982,155.203,149.564,153.419,3827300
2025-08-04,155.381,156.204,151.031,153.419,2510000
2025-08-05,155.391,155.986,145.888,150.377,3449500
2025-08-06,151.626,151.626,145.531,145.947,3776600
2025-08-07,143.678,147.216,143.45,146.77,3472500
2025-08-08,148.157,149.723,147.225,149.098,1901600
2025-08-11,150.248,154.698,149.871,150.327,2759400
2025-08-12,150.862,156.581,150.862,154.192,2361600
2025-08-13,154.945,156.085,153.469,155.51,2052600
2025-08-14,153.865,155.431,152.815,154.331,2319600
2025-08-15,154.351,154.351,150.684,153.043,1431500
2025-08-18,153.558,157.393,152.686,157.274,2016300
2025-08-19,156.67,157.552,153.915,156.511,2546400
2025-08-20,155.768,157.245,151.13,156.977,2177100
2025-08-21,156.818,157.928,151.655,153.211,2300000
2025-08-22,153.726,159.128,152.835,157.78,1920000
2025-08-25,157.572,163.795,157.254,162.527,2515400
2025-08-26,162.249,165.411,162.249,163.756,3272300
2025-08-27,164.41,166.689,164.053,165.738,2688400
2025-08-28,165.609,171.654,165.609,170.831,3079800
2025-08-29,170.514,171.862,165.163,165.896,2798500
2025-09-02,162.933,169.216,162.388,168.968,3175400
2025-09-03,169.563,174.904,168.483,174.736,3790400
2025-09-04,175.816,182.456,174.241,182.327,5571800
2025-09-05,184.329,187.53,181.376,186.47,3761500
2025-09-08,188.283,189.799,185.498,187.54,4019700
2025-09-09,187.322,190.295,186.311,189.869,3230800
2025-09-10,191.276,192.059,188.194,191.306,4343800
2025-09-11,191.563,197.45,191.256,195.042,3625600
2025-09-12,194.933,196.588,191.583,194.229,3293200
2025-09-15,198.203,212.276,197.856,209.223,7398100
2025-09-16,209.402,213.267,205.794,209.233,4888200
2025-09-17,208.51,212.286,204.407,211.443,4268800
2025-09-18,214.773,217.558,213.168,214.694,3044200
2025-09-19,216.468,219.669,214.06,219.243,4834900
2025-09-22,220.898,228.746,219.976,227.27,5243400
2025-09-23,227.309,229.876,221.502,226.081,4389400
2025-09-24,225.674,229.331,220.927,221.69,4121100
2025-09-25,217.974,220.531,214.069,217.875,4200900
2025-09-26,218.351,218.836,211.146,215.556,2477000
2025-09-29,224.713,232.017,222.79,227.082,5108400
2025-09-30,225.551,235.124,224.934,234.677,4184000
2025-10-01,232.967,256.886,231.217,255.335,9751900
2025-10-02,261.757,263.278,250.424,253.247,4801300
2025-10-03,253.476,259.759,250.175,251.309,4916000
2025-10-06,258.586,259.709,241.029,241.407,5233600
2025-10-07,243.216,243.306,221.703,223.691,10019400
2025-10-08,223.552,227.708,221.415,223.035,5190300
2025-10-09,222.2,223.751,217.349,220.401,3427000
2025-10-10,219.108,222.946,211.384,213.124,5191000
2025-10-13,224.238,224.328,215.241,218.224,3348800
2025-10-14,214.118,216.126,209.336,210.39,3646700
2025-10-15,214.396,219.297,211.106,218.094,6236800
2025-10-16,222.837,231.635,220.56,224.706,5196500
2025-10-17,221.127,229.1,219.645,224.079,3258800
2025-10-20,228.652,231.913,208.143,213.144,4602000
2025-10-21,211.384,215.261,209.445,213.313,2817500
2025-10-22,212.418,218.035,207.775,213.79,2925200
2025-10-23,216.971,225.58,216.971,225.083,2569600
2025-10-24,232.708,239.439,229.179,232.748,3664000
2025-10-27,239.916,240.582,226.296,228.97,4942400
2025-10-28,227.837,228.652,216.394,221.693,6501000
2025-10-29,239.111,267.334,238.653,264.064,9900800
2025-10-30,256.697,272.872,256.488,266.768,7175700
2025-10-31,275.208,278.707,241.914,254.381,8616100
2025-11-03,257.234,267.98,252.164,263.994,4450400
2025-11-04,253.565,258.795,248.018,248.913,3438000
2025-11-05,256.776,282.276,255.802,274.154,9050400
2025-11-06,275.645,282.753,271.917,276.838,4075300
2025-11-07,272.355,278.17,261.916,277.713,5098700
2025-11-10,289.006,294.266,285.428,292.267,3971600
2025-11-11,287.575,294.415,281.859,286.312,3881100
2025-11-12,286.312,296.134,277.365,281.6,3985300
2025-11-13,272.017,275.874,257.333,261.021,5350200
2025-11-14,252.661,266.241,249.619,256.697,4718800
2025-11-17,255.991,268.219,252.989,259.848,2851600
2025-11-18,255.882,259.828,248.068,252.372,2479400
2025-11-19,252.502,262.274,252.502,257.622,2306500
2025-11-20,271.579,274.084,236.009,239.091,4071000
2025-11-21,236.009,239.091,227.27,236.098,4177300
2025-11-24,241.497,255.196,241.487,251.895,4200400
2025-11-25,249.708,262.025,245.553,260.355,2555300
2025-11-26,263.109,273.389,261.181,270.684,3487500
2025-11-28,273.389,275.953,267.931,275.069,1243100
2025-12-01,270.496,274.363,264.441,268.517,2320000
2025-12-02,271.311,276.759,257.86,265.306,3101600
2025-12-03,264.899,264.899,249.062,257.154,3828300
2025-12-04,257.184,264.839,255.852,264.073,1971700
2025-12-05,268.229,278.031,267.543,277.156,2863400
2025-12-08,279.353,286.581,277.037,283.738,3469000
2025-12-09,284.115,287.744,278.359,281.202,2072700
2025-12-10,282.038,299.703,279.652,297.168,3617400
2025-12-11,292.575,307.12,286.939,306.046,3176300
2025-12-12,300.23,302.219,278.866,285.955,5255600
2025-12-15,290.18,292.237,282.564,283.907,3465600
2025-12-16,283.738,293.212,278.856,286.442,3091000
2025-12-17,289.404,294.942,274.492,276.023,3514100
2025-12-18,286.809,297.477,284.99,290.289,3730500
2025-12-19,294.932,303.64,291.969,294.623,24731300
2025-12-22,299.485,300.23,277.365,281.193,4340400
2025-12-23,276.948,281.193,273.1,281.143,2084400
2025-12-24,280.635,287.562,280.635,284.342,1474900
2025-12-26,287.821,288.858,281.631,285.289,1063800
2025-12-29,281.073,288.529,278.422,280.385,2537400
2025-12-30,281.133,283.087,278.711,279.169,1873600
2025-12-31,279.09,279.339,273.378,274.495,1316800
2026-01-02,281.053,288.708,279.508,286.605,2731000
2026-01-05,294.011,297.031,276.787,288.888,3350300
2026-01-06,289.954,330.92,289.954,329.346,5563900
2026-01-07,317.973,320.953,297.968,307.258,5179200
2026-01-08,304.885,305.244,277.246,283.545,4826000
2026-01-09,283.744,304.447,279.757,303.021,3187100
2026-01-12,298.337,321.71,297.121,320.435,3066100
2026-01-13,318.441,329.924,315.74,317.405,3459600
2026-01-14,318.79,321.681,308.145,311.265,1947500
2026-01-15,321.711,327.711,315.969,319.278,3180200
2026-01-16,332.416,333.931,320.146,325.169,3378500
2026-01-20,321.94,335.077,320.993,324.93,3620800
2026-01-21,333.323,348.413,322.558,343.101,4710600
2026-01-22,348.862,348.912,328.927,345.403,2796300
2026-01-23,343.35,346.579,330.671,344.975,2957800
2026-01-26,347.716,369.265,344.875,357.125,5039000
2026-01-27,360.444,382.632,359.826,370.551,7353600
2026-01-28,393.905,448.038,387.735,441.49,14749800
2026-01-29,448.806,456.351,432.589,445.118,9052800
2026-01-30,448.178,451.447,396.038,406.364,9224400
2026-02-02,401.191,434.582,398.231,431.542,6062800
2026-02-03,450.042,457.916,423.13,443.005,6089200
2026-02-04,440.563,451.976,400.733,417.269,6601100
2026-02-05,412.215,417.04,392.958,404.132,5641900
2026-02-06,424.874,430.526,405.537,427.924,3284500
2026-02-09,422.661,437.124,413.651,423.618,3188600
2026-02-10,420.399,420.399,393.855,394.942,3172000
2026-02-11,408.308,414.249,389.729,405.926,2827000
2026-02-12,424.435,458.345,424.425,429.768,6436900
2026-02-13,414.707,430.256,401.201,424.605,3856100
2026-02-17,418.634,427.834,410.262,414.588,2839300
2026-02-18,417.578,433.536,415.943,422.761,2865600
2026-02-19,418.804,422.731,400.852,407.64,3518300
2026-02-20,401.769,415.634,397.832,409.773,2962600
2026-02-23,409.066,421.615,400.842,406.075,2402300
2026-02-24,408.776,412.454,392.769,394.732,3119300
2026-02-25,407.929,425.113,406.972,420.478,3385600
2026-02-26,412.345,415.146,391.941,408.338,3077500
2026-02-27,398.699,414.249,394.932,406.514,3605500
2026-03-02,392.31,406.374,373.312,378.286,4224400
2026-03-03,360.085,364.79,348.962,356.457,5712500
2026-03-04,366.305,389.23,363.494,373.791,3774200
2026-03-05,369.774,376.92,351.414,366.146,3394900
2026-03-06,355.151,369.136,350.008,351.653,2415600
2026-03-09,341.307,373.442,340.888,373.113,2929900
2026-03-10,376.701,396.995,376.701,383.04,3487000
2026-03-11,382.751,389.968,374.927,384.715,1970100
2026-03-12,381.466,383.748,367.491,372.764,2058300
2026-03-13,376.841,393.706,375.914,382.462,2913500
2026-03-16,396.208,409.464,394.344,397.483,3120200
2026-03-17,398.699,419.94,396.207,419.721,3469200
2026-03-18,418.166,421.365,403.793,405.447,3830800
2026-03-19,395.111,436.038,387.107,433.187,4157000
2026-03-20,432.09,438.3,407.919,409.893,8620000
2026-03-23,418.634,423.797,393.905,402.706,3864800
2026-03-24,401.55,424.894,393.716,423.578,3759700
2026-03-25,409.539,421.891,388.421,412.595,3452500
2026-03-26,401.052,406.035,376.759,378.217,4111900
2026-03-27,377.957,387.483,375.511,379.495,2322500
2026-03-30,392.465,398.806,350.888,361.882,4159300
2026-03-31,370.529,391.417,367.443,391.167,3605200
2026-04-01,395.89,427.532,395.71,422.48,3716000
2026-04-02,400.393,428.76,399.395,428.71,2376300
2026-04-06,450.198,469.519,449.11,452.614,4887400
2026-04-07,447.462,468.141,444.327,468.011,4276700
2026-04-08,502.439,516.398,486.932,495.549,5424600
2026-04-09,503.238,507.94,492.454,500.012,3092200
2026-04-10,503.907,508.779,493.852,502.369,3435200
2026-04-13,499.323,513.971,494.9,512.503,2880000
2026-04-14,519.213,533.422,500.691,532.633,3568600
2026-04-15,520.042,525.204,502.349,518.814,3841400
2026-04-16,510.986,531.255,505.234,531.005,3122700
2026-04-17,543.626,552.733,536.707,546.921,3449100
2026-04-20,549.937,552.163,530.806,538.933,2915800
2026-04-21,542.188,566.841,535.219,559.053,3563000
2026-04-22,579.132,585.113,562.448,579.003,3233300
2026-04-23,573.371,606.97,572.143,586.731,3175700
2026-04-24,591.803,599.072,577.545,585.363,2704100
2026-04-27,598.403,601.998,576.487,594.959,2919500
2026-04-28,565.184,591.943,552.363,578.154,5956800
2026-04-29,666.969,695.945,631.044,642.327,10896900
2026-04-30,654.189,679.6,638.083,672.621,6479300
2026-05-01,666.001,726.899,662.296,725.83,7378700
2026-05-04,741.037,747.867,728.077,737.423,6022100
2026-05-05,753.858,790.812,751.451,769.844,6522500
2026-05-06,767.637,786.159,751.661,785.23,5575000
2026-05-07,770.123,770.123,740.887,765.28,4900900
2026-05-08,778.82,800.916,770.832,781.456,4874000
2026-05-11,792.05,840.037,789.284,832.748,6078600
2026-05-12,813.467,831.8,765.81,807.576,3798100
2026-05-13,826.248,830.731,793.807,816.113,2511700
2026-05-14,811.251,837.331,794.965,803.542,2360000
2026-05-15,770.403,806.408,764.611,794.266,2784800
2026-05-18,799.788,799.788,709.036,739.719,4945800
2026-05-19,718.421,744.851,694.088,732.24,3639300
2026-05-20,756.014,763.813,739.879,749.934,2269100
2026-05-21,752.33,810.282,752.33,809.234,3483500
2026-05-22,813.487,822.753,798.6,811.5,2531400
2026-05-26,829.913,861.345,815.744,844.48,3437900
2026-05-27,879.807,887.605,844.79,869.343,3794300
2026-05-28,888.174,904.02,864.7,879.388,2838100
2026-05-29,891.479,902.802,865.708,878.469,4674500
2026-06-01,883.991,939.367,881.584,919.866,3358000
2026-06-02,928.473,952.277,913.606,925.208,2561900
2026-06-03,938.897,965.337,917.61,939.267,2902300
2026-06-04,890.201,940.066,883.661,924.589,2534400
2026-06-05,887.835,909.282,842.354,846.188,3611300
2026-06-08,881.384,893.566,852.918,875.444,2483100
2026-06-09,908.613,909.911,800.677,844.73,3137600
2026-06-10,820.617,854.216,805.19,814.755,3455000
2026-06-11,837.102,868.933,820.237,866.777,2755000
2026-06-12,878.858,944.808,866.827,929.631,3189700
2026-06-15,1030.96,1030.96,989.281,1017.26,5774200
2026-06-16,1042.45,1095.34,1010.64,1029.78,5804300
2026-06-17,1042.67,1092.34,1042.32,1064.46,4593000
2026-06-18,1131.65,1143.27,1051.94,1068.61,8424500
2026-06-22,1087.35,1126.28,1067.34,1092.38,6876000
2026-06-23,982.771,1043.3,981.513,1037.02,5211300
2026-06-24,1026.9,1035.03,952.297,992.454,4259600
2026-06-25,1110.11,1110.11,1000.53,1024.54,5544900
2026-06-26,993.793,995.682,879.785,899.179,9311400
2026-06-29,915.256,986.779,879.305,967.754,5391300
2026-06-30,967.185,997.69,938.717,964.227,4187700
2026-07-01,896.022,935.9,885.49,914.457,3599800
2026-07-02,900.029,922.321,795.023,819.503,6294100
2026-07-06,862.928,886.18,847.321,867.565,3461400
2026-07-07,820.632,837.079,785.38,826.977,4146000
2026-07-08,810.62,861.719,810.62,859.331,4935900
2026-07-09,921.551,936.789,887.459,889.377,4556500
2026-07-10,860.94,926.537,860.94,909.611,4051300
2026-07-13,868.903,877.027,839.337,859.971,4143400
2026-07-14,900.418,905.574,868.234,877.607,3771500
2026-07-15,888.308,892.285,788.338,827.637,4730800
2026-07-16,784.481,798.32,738.878,744.893,6220300
2026-07-17,720.363,808.002,699.829,787.029,7013100
2026-07-20,809.371,830.974,796.372,801.807,4867500
2026-07-21,863.308,899.229,844.193,891.116,6062900
2026-07-22,861.02,920.642,854.505,907.373,5263500
2026-07-23,904.275,935.74,904.275,912.628,4559600
2026-07-24,878.506,905.274,834.831,851.008,5226300
2026-07-27,855.304,870.302,780.544,816.336,4636600
2026-07-28,774.189,776.478,698.43,746.701,8941600
2026-07-29,786.22,814.317,746.951,763.818,9280100
2026-07-30,878.206,900.458,830.334,850.998,7380100
2026-07-31,900.958,921.042,837.059,855.444,6130400
2026-08-03,817.355,838.957,781.454,830.394,5329400
2026-08-04,880.184,884.291,833.302,844.673,5027400
2026-08-05,847.451,884.191,835.89,836.989,4235900
2026-08-06,783.382,874.269,767.075,852.267,5562100
2026-08-07,861.989,861.989,761.19,812.109,5970700
2026-08-10,802.307,826.238,785.37,800.348,4069300
2026-08-11,804.355,826.238,793.374,819.863,3182400
2026-08-12,860.66,891.286,848.919,877.507,4732300
2026-08-13,871.611,934.021,860.86,920.632,4590100
2026-08-14,940.506,989.817,919.263,972.66,5246900
2026-08-17,989.537,1013.18,977.846,993.993,4330500
2026-08-18,928.756,960.5,897.96,902.956,4603900
2026-08-19,910.67,914.427,828.446,831.893,5970300
2026-08-20,833.012,869.013,826.937,849.559,3239600
2026-08-21,861.949,869.293,833.832,849.319,2843500
2026-08-24,817.944,822.081,773.38,794.014,3204200
2026-08-25,813.848,825.338,799.479,821.012,2560200
2026-08-26,824.939,851.008,821.012,845.692,2125500
2026-08-27,875.049,875.049,812.289,846.521,4895300
2026-08-28,830.424,854.895,824.839,829.095,2802800
2026-08-31,825.838,830.015,807.842,827.716,3458600
2026-09-01,809.611,832.093,801.408,815.986,2421300
2026-09-02,805.214,834.731,785.031,807.892,2659200
2026-09-03,795.362,806.424,762.908,797.97,2968000
2026-09-04,818.094,852.297,804.365,848.6,2557100
2026-09-08,879.945,924.699,859.321,903.656,5181800
2026-09-09,892.425,916.655,884.681,885.21,3517800
2026-09-10,859.871,880.264,847.561,861.639,3235500
2026-09-11,868.724,869.983,817.035,829.505,3843400
2026-09-14,777.497,821.202,768.384,804.905,4147200
2026-09-15,799.599,801.338,757.743,771.192,4051600
2026-09-16,784.171,798.24,771.392,782.553,3393200
2026-09-17,808.382,816.026,782.383,802.487,5308400
2026-09-18,814.037,871.302,806.384,858.102,6966500
2026-09-21,893.554,914.087,861.27,876.627,4190400
2026-09-22,857.003,936.19,855.704,919.103,5268300
2026-09-23,912.469,926.257,884.291,923.12,3242800
2026-09-24,914.66,926.01,898.8,905.92,3067100
2026-09-25,924.36,924.36,903.53,916.83,2797000
2026-09-28,912.1,932.87,870.38,921.51,3402300
2026-09-29,943.5,944.43,900.1,913.45,2593300
2026-09-30,921,928.92,907.03,922.34,3080400
2026-10-01,911.16,946.36,893.75,945.57,2480800
2026-10-02,822.56,852.29,791.75,848.99,13577200
2026-10-05,876,903,875,887.09,5585800
2026-10-06,857.12,863.5,798.62,805.63,7282800
2026-10-07,784.25,810.78,780.9,807.57,4415300
2026-10-08,794.45,801.95,770.06,774.83,5065500
2026-10-09,784.16,789.59,766.09,783,3922000
